<?xml version="1.0" encoding="UTF-8"?>

<Bundle xmlns="http://hl7.org/fhir">
  <id value="ce0ccf8a-27a2-4d4b-a535-c54e056b9a40"/>
  <meta>
    <lastUpdated value="2024-12-09T10:01:28.215+00:00"/>
  </meta>
  <type value="collection"/>
  <entry>
    <fullUrl value="https://interop.esante.gouv.fr/ig/fhir/ror/ValueSet/act-type-ror-valueset"/>
    <resource>
      <ValueSet>
        <text>
          <status value="generated"/>
          <div xmlns="http://www.w3.org/1999/xhtml">
            <p class="res-header-id">
              <b>Generated Narrative: ValueSet </b>
            </p>
            <p style="border: black 1px dotted; background-color: #EEEEEE; padding: 8px; margin-bottom: 8px">Expansion based on 
              <a href="CodeSystem-act-type-ror-codesystem.html">codesystem ActTypeRORCodeSystem v0.4.0 (CodeSystem)</a>
            </p>
            <p>This value set contains 2 concepts</p>
            <table class="codes">
              <tr>
                <td style="white-space:nowrap">
                  <b>Code</b>
                </td>
                <td>
                  <b>System</b>
                </td>
                <td>
                  <b>Display</b>
                </td>
                <td>
                  <b>Definition</b>
                </td>
              </tr>
              <tr>
                <td style="white-space:nowrap">
                  <a name="x-https://interop.esante.gouv.fr/ig/fhir/ror/CodeSystem/act-type-ror-codesystem-specificAct"> </a>  
                  <a href="CodeSystem-act-type-ror-codesystem.html#act-type-ror-codesystem-specificAct">specificAct</a>
                </td>
                <td>https://interop.esante.gouv.fr/ig/fhir/ror/CodeSystem/act-type-ror-codesystem</td>
                <td>specificAct</td>
                <td>
                  <div>
                    <p>Acte spécifique</p>

                  </div>
                </td>
              </tr>
              <tr>
                <td style="white-space:nowrap">
                  <a name="x-https://interop.esante.gouv.fr/ig/fhir/ror/CodeSystem/act-type-ror-codesystem-outsideOfficeAct"> </a>  
                  <a href="CodeSystem-act-type-ror-codesystem.html#act-type-ror-codesystem-outsideOfficeAct">outsideOfficeAct</a>
                </td>
                <td>https://interop.esante.gouv.fr/ig/fhir/ror/CodeSystem/act-type-ror-codesystem</td>
                <td>outsideOfficeAct</td>
                <td>
                  <div>
                    <p>Acte hors cabinet</p>

                  </div>
                </td>
              </tr>
            </table>
          </div>
        </text>
        <url value="https://interop.esante.gouv.fr/ig/fhir/ror/ValueSet/act-type-ror-valueset"/>
        <version value="0.4.0"/>
        <name value="ActTypeRORValueSet"/>
        <title value="Valueset type d'acte"/>
        <status value="draft"/>
        <date value="2024-12-09T10:01:28+00:00"/>
        <jurisdiction>
          <coding>
            <system value="urn:iso:std:iso:3166"/>
            <code value="FR"/>
            <display value="FRANCE"/>
          </coding>
        </jurisdiction>
        <expansion>
          <identifier value="urn:uuid:4b6415c5-4f6b-42a3-8624-e8fcf7faa1ea"/>
          <timestamp value="2024-12-09T10:03:43+00:00"/>
          <total value="2"/>
          <offset value="0"/>
          <parameter>
            <name value="count"/>
            <valueInteger value="1000"/>
          </parameter>
          <parameter>
            <name value="offset"/>
            <valueInteger value="0"/>
          </parameter>
          <parameter>
            <name value="excludeNested"/>
            <valueBoolean value="false"/>
          </parameter>
          <parameter>
            <name value="used-codesystem"/>
            <valueUri value="https://interop.esante.gouv.fr/ig/fhir/ror/CodeSystem/act-type-ror-codesystem|0.4.0"/>
          </parameter>
          <contains>
            <system value="https://interop.esante.gouv.fr/ig/fhir/ror/CodeSystem/act-type-ror-codesystem"/>
            <code value="specificAct"/>
            <display value="specificAct"/>
          </contains>
          <contains>
            <system value="https://interop.esante.gouv.fr/ig/fhir/ror/CodeSystem/act-type-ror-codesystem"/>
            <code value="outsideOfficeAct"/>
            <display value="outsideOfficeAct"/>
          </contains>
        </expansion>
      </ValueSet>
    </resource>
  </entry>
  <entry>
    <fullUrl value="https://interop.esante.gouv.fr/ig/fhir/ror/ValueSet/ror-include-associated-data-vs"/>
    <resource>
      <ValueSet>
        <text>
          <status value="generated"/>
          <div xmlns="http://www.w3.org/1999/xhtml">
            <p class="res-header-id">
              <b>Generated Narrative: ValueSet </b>
            </p>
            <div style="border: black 1px dotted; background-color: #EEEEEE; padding: 8px; margin-bottom: 8px">
              <p>Expansion based on:</p>
              <ul>
                <li>
                  <a href="http://hl7.org/fhir/uv/bulkdata/STU2/CodeSystem-include-associated-data.html">codesystem Include Associated Data Code System v2.0.0 (CodeSystem)</a>
                </li>
                <li>
                  <a href="CodeSystem-ror-include-associated-data-code-system.html">codesystem Code System (CS) utilisé pour étendre le CS original avec le query parameter includeAssociatedData v0.4.0 (CodeSystem)</a>
                </li>
              </ul>
            </div>
            <p>This value set contains 3 concepts</p>
            <table class="codes">
              <tr>
                <td style="white-space:nowrap">
                  <b>Code</b>
                </td>
                <td>
                  <b>System</b>
                </td>
                <td>
                  <b>Display</b>
                </td>
                <td>
                  <b>Definition</b>
                </td>
              </tr>
              <tr>
                <td style="white-space:nowrap">
                  <a name="x-http://hl7.org/fhir/uv/bulkdata/CodeSystem/include-associated-data-LatestProvenanceResources"> </a>  
                  <a href="http://hl7.org/fhir/uv/bulkdata/STU2/CodeSystem-include-associated-data.html#include-associated-data-LatestProvenanceResources">LatestProvenanceResources</a>
                </td>
                <td>http://hl7.org/fhir/uv/bulkdata/CodeSystem/include-associated-data</td>
                <td>LatestProvenanceResources</td>
                <td>
                  <div>
                    <p>Export will include the most recent Provenance resources associated with each of the non-provenance resources being returned. Other Provenance resources will not be returned.</p>

                  </div>
                </td>
              </tr>
              <tr>
                <td style="white-space:nowrap">
                  <a name="x-http://hl7.org/fhir/uv/bulkdata/CodeSystem/include-associated-data-RelevantProvenanceResources"> </a>  
                  <a href="http://hl7.org/fhir/uv/bulkdata/STU2/CodeSystem-include-associated-data.html#include-associated-data-RelevantProvenanceResources">RelevantProvenanceResources</a>
                </td>
                <td>http://hl7.org/fhir/uv/bulkdata/CodeSystem/include-associated-data</td>
                <td>RelevantProvenanceResources</td>
                <td>
                  <div>
                    <p>Export will include all Provenance resources associated with each of the non-provenance resources being returned.</p>

                  </div>
                </td>
              </tr>
              <tr>
                <td style="white-space:nowrap">
                  <a name="x-https://interop.esante.gouv.fr/ig/fhir/ror/CodeSystem/ror-include-associated-data-code-system-_myCompleteExtract"> </a>  
                  <a href="CodeSystem-ror-include-associated-data-code-system.html#ror-include-associated-data-code-system-_myCompleteExtract">_myCompleteExtract</a>
                </td>
                <td>https://interop.esante.gouv.fr/ig/fhir/ror/CodeSystem/ror-include-associated-data-code-system</td>
                <td>Extraction complète</td>
                <td>
                  <div>
                    <p>Valeur personnalisée pour  le query parameter includeAssociatedData de l'opération export, afin d'inclure toutes les ressources liées à la ressource identifiée dans _type.</p>

                  </div>
                </td>
              </tr>
            </table>
          </div>
        </text>
        <url value="https://interop.esante.gouv.fr/ig/fhir/ror/ValueSet/ror-include-associated-data-vs"/>
        <version value="0.4.0"/>
        <name value="RorIncludeAssociatedDataVS"/>
        <title value="Value Set afin d'étendre le Value Set pour query parameter includeAssociatedData"/>
        <status value="draft"/>
        <date value="2024-12-09T10:01:28+00:00"/>
        <jurisdiction>
          <coding>
            <system value="urn:iso:std:iso:3166"/>
            <code value="FR"/>
            <display value="FRANCE"/>
          </coding>
        </jurisdiction>
        <expansion>
          <identifier value="urn:uuid:6cd4c0bb-c420-4d07-b21b-af6acad43e65"/>
          <timestamp value="2024-12-09T10:03:51+00:00"/>
          <total value="3"/>
          <offset value="0"/>
          <parameter>
            <name value="count"/>
            <valueInteger value="1000"/>
          </parameter>
          <parameter>
            <name value="offset"/>
            <valueInteger value="0"/>
          </parameter>
          <parameter>
            <name value="excludeNested"/>
            <valueBoolean value="false"/>
          </parameter>
          <parameter>
            <name value="used-codesystem"/>
            <valueUri value="http://hl7.org/fhir/uv/bulkdata/CodeSystem/include-associated-data|2.0.0"/>
          </parameter>
          <parameter>
            <name value="used-codesystem"/>
            <valueUri value="https://interop.esante.gouv.fr/ig/fhir/ror/CodeSystem/ror-include-associated-data-code-system|0.4.0"/>
          </parameter>
          <contains>
            <system value="http://hl7.org/fhir/uv/bulkdata/CodeSystem/include-associated-data"/>
            <code value="LatestProvenanceResources"/>
            <display value="LatestProvenanceResources"/>
          </contains>
          <contains>
            <system value="http://hl7.org/fhir/uv/bulkdata/CodeSystem/include-associated-data"/>
            <code value="RelevantProvenanceResources"/>
            <display value="RelevantProvenanceResources"/>
          </contains>
          <contains>
            <system value="https://interop.esante.gouv.fr/ig/fhir/ror/CodeSystem/ror-include-associated-data-code-system"/>
            <code value="_myCompleteExtract"/>
            <display value="Extraction complète"/>
          </contains>
        </expansion>
      </ValueSet>
    </resource>
  </entry>
  <entry>
    <fullUrl value="https://interop.esante.gouv.fr/ig/fhir/ror/ValueSet/ror-usage-context-type-vs"/>
    <resource>
      <ValueSet>
        <text>
          <status value="generated"/>
          <div xmlns="http://www.w3.org/1999/xhtml">
            <p class="res-header-id">
              <b>Generated Narrative: ValueSet </b>
            </p>
            <div style="border: black 1px dotted; background-color: #EEEEEE; padding: 8px; margin-bottom: 8px">
              <p>Expansion based on:</p>
              <ul>
                <li>
                  <a href="http://terminology.hl7.org/6.1.0/CodeSystem-usage-context-type.html">codesystem UsageContextType v2.0.1 (CodeSystem)</a>
                </li>
                <li>system TRE-R04-TypeSavoirFaire version20231215120000</li>
                <li>system TRE-R288-TypeProfession version20231215120000</li>
                <li>system TRE-R67-TypeStructure-EJ-EG version20231215120000</li>
              </ul>
            </div>
            <p>This value set contains 13 concepts</p>
            <table class="codes">
              <tr>
                <td style="white-space:nowrap">
                  <b>Code</b>
                </td>
                <td>
                  <b>System</b>
                </td>
                <td>
                  <b>Display</b>
                </td>
                <td>
                  <b>Definition</b>
                </td>
              </tr>
              <tr>
                <td style="white-space:nowrap">
                  <a name="x-http://terminology.hl7.org/CodeSystem/usage-context-type-gender"> </a>  
                  <a href="http://terminology.hl7.org/6.1.0/CodeSystem-usage-context-type.html#usage-context-type-gender">gender</a>
                </td>
                <td>http://terminology.hl7.org/CodeSystem/usage-context-type</td>
                <td>Gender</td>
                <td>
                  <div>
                    <p>The gender of the patient for which this artifact/element applies. For this context type, appropriate values can be found in the http://hl7.org/fhir/ValueSet/administrative-gender value set.</p>

                  </div>
                </td>
              </tr>
              <tr>
                <td style="white-space:nowrap">
                  <a name="x-http://terminology.hl7.org/CodeSystem/usage-context-type-age"> </a>  
                  <a href="http://terminology.hl7.org/6.1.0/CodeSystem-usage-context-type.html#usage-context-type-age">age</a>
                </td>
                <td>http://terminology.hl7.org/CodeSystem/usage-context-type</td>
                <td>Age Range</td>
                <td>
                  <div>
                    <p>The age of the patients for which this artifact/element applies. For this context type, the value could be a range that specifies the applicable ages or a code from an appropriate value set such as the MeSH value set http://terminology.hl7.org/ValueSet/v3-AgeGroupObservationValue.</p>

                  </div>
                </td>
              </tr>
              <tr>
                <td style="white-space:nowrap">
                  <a name="x-http://terminology.hl7.org/CodeSystem/usage-context-type-focus"> </a>  
                  <a href="http://terminology.hl7.org/6.1.0/CodeSystem-usage-context-type.html#usage-context-type-focus">focus</a>
                </td>
                <td>http://terminology.hl7.org/CodeSystem/usage-context-type</td>
                <td>Clinical Focus</td>
                <td>
                  <div>
                    <p>The clinical concept(s) addressed by the artifact/element. For example, disease, diagnostic test interpretation, medication ordering as in http://hl7.org/fhir/ValueSet/condition-code.</p>

                  </div>
                </td>
              </tr>
              <tr>
                <td style="white-space:nowrap">
                  <a name="x-http://terminology.hl7.org/CodeSystem/usage-context-type-user"> </a>  
                  <a href="http://terminology.hl7.org/6.1.0/CodeSystem-usage-context-type.html#usage-context-type-user">user</a>
                </td>
                <td>http://terminology.hl7.org/CodeSystem/usage-context-type</td>
                <td>User Type</td>
                <td>
                  <div>
                    <p>The clinical specialty of the context in which the patient is being treated - For example, PCP, Patient, Cardiologist, Behavioral Professional, Oral Health Professional, Prescriber, etc... taken from a specialty value set such as the NUCC Health Care provider taxonomy value set http://hl7.org/fhir/ValueSet/provider-taxonomy that is relevant to this artifact/element.</p>

                  </div>
                </td>
              </tr>
              <tr>
                <td style="white-space:nowrap">
                  <a name="x-http://terminology.hl7.org/CodeSystem/usage-context-type-workflow"> </a>  
                  <a href="http://terminology.hl7.org/6.1.0/CodeSystem-usage-context-type.html#usage-context-type-workflow">workflow</a>
                </td>
                <td>http://terminology.hl7.org/CodeSystem/usage-context-type</td>
                <td>Workflow Setting</td>
                <td>
                  <div>
                    <p>The settings in which the artifact/element is intended for use. For example, admission, pre-op, etc. For example, the ActEncounterCode value set http://terminology.hl7.org/ValueSet/v3-ActEncounterCode.</p>

                  </div>
                </td>
              </tr>
              <tr>
                <td style="white-space:nowrap">
                  <a name="x-http://terminology.hl7.org/CodeSystem/usage-context-type-task"> </a>  
                  <a href="http://terminology.hl7.org/6.1.0/CodeSystem-usage-context-type.html#usage-context-type-task">task</a>
                </td>
                <td>http://terminology.hl7.org/CodeSystem/usage-context-type</td>
                <td>Workflow Task</td>
                <td>
                  <div>
                    <p>The context for the clinical task(s) represented by this artifact/element. For example, this could be any task context represented by the HL7 ActTaskCode value set http://terminology.hl7.org/ValueSet/v3-ActTaskCode. General categories include: order entry, patient documentation and patient information review.</p>

                  </div>
                </td>
              </tr>
              <tr>
                <td style="white-space:nowrap">
                  <a name="x-http://terminology.hl7.org/CodeSystem/usage-context-type-venue"> </a>  
                  <a href="http://terminology.hl7.org/6.1.0/CodeSystem-usage-context-type.html#usage-context-type-venue">venue</a>
                </td>
                <td>http://terminology.hl7.org/CodeSystem/usage-context-type</td>
                <td>Clinical Venue</td>
                <td>
                  <div>
                    <p>The venue in which an artifact/element could be used. For example, Outpatient, Inpatient, Home, Nursing home. The code value may originate from the HL7 ServiceDeliveryLocationRoleType value set (http://terminology.hl7.org/ValueSet/v3-ServiceDeliveryLocationRoleType).</p>

                  </div>
                </td>
              </tr>
              <tr>
                <td style="white-space:nowrap">
                  <a name="x-http://terminology.hl7.org/CodeSystem/usage-context-type-species"> </a>  
                  <a href="http://terminology.hl7.org/6.1.0/CodeSystem-usage-context-type.html#usage-context-type-species">species</a>
                </td>
                <td>http://terminology.hl7.org/CodeSystem/usage-context-type</td>
                <td>Species</td>
                <td>
                  <div>
                    <p>The species to which an artifact/element applies. For example, SNOMED - 387961004 | Kingdom Animalia (organism).</p>

                  </div>
                </td>
              </tr>
              <tr>
                <td style="white-space:nowrap">
                  <a name="x-http://terminology.hl7.org/CodeSystem/usage-context-type-program"> </a>  
                  <a href="http://terminology.hl7.org/6.1.0/CodeSystem-usage-context-type.html#usage-context-type-program">program</a>
                </td>
                <td>http://terminology.hl7.org/CodeSystem/usage-context-type</td>
                <td>Program</td>
                <td>
                  <div>
                    <p>A program/project of work for which this artifact/element is applicable.</p>

                  </div>
                </td>
              </tr>
              <tr>
                <td style="white-space:nowrap">
                  <a name="x-http://terminology.hl7.org/CodeSystem/usage-context-type-jurisdiction"> </a>  
                  <a href="http://terminology.hl7.org/6.1.0/CodeSystem-usage-context-type.html#usage-context-type-jurisdiction">jurisdiction</a>
                </td>
                <td>http://terminology.hl7.org/CodeSystem/usage-context-type</td>
                <td>Jurisdiction</td>
                <td>
                  <div>
                    <p>A country, state, territory or other geographic or geopolicital area for which this artifact/element is applicable.</p>

                  </div>
                </td>
              </tr>
              <tr>
                <td style="white-space:nowrap">
                  <a name="x-https://mos.esante.gouv.fr/NOS/TRE_R67-TypeStructure-EJ-EG/FHIR/TRE-R67-TypeStructure-EJ-EG-EG"> </a>  EG
                </td>
                <td>https://mos.esante.gouv.fr/NOS/TRE_R67-TypeStructure-EJ-EG/FHIR/TRE-R67-TypeStructure-EJ-EG</td>
                <td>Etablissement géographique</td>
                <td/>
              </tr>
              <tr>
                <td style="white-space:nowrap">
                  <a name="x-https://mos.esante.gouv.fr/NOS/TRE_R04-TypeSavoirFaire/FHIR/TRE-R04-TypeSavoirFaire-S"> </a>  S
                </td>
                <td>https://mos.esante.gouv.fr/NOS/TRE_R04-TypeSavoirFaire/FHIR/TRE-R04-TypeSavoirFaire</td>
                <td>Spécialité ordinale</td>
                <td/>
              </tr>
              <tr>
                <td style="white-space:nowrap">
                  <a name="x-https://mos.esante.gouv.fr/NOS/TRE_R288-TypeProfession/FHIR/TRE-R288-TypeProfession-P01"> </a>  P01
                </td>
                <td>https://mos.esante.gouv.fr/NOS/TRE_R288-TypeProfession/FHIR/TRE-R288-TypeProfession</td>
                <td>Professionnel de santé</td>
                <td/>
              </tr>
            </table>
          </div>
        </text>
        <url value="https://interop.esante.gouv.fr/ig/fhir/ror/ValueSet/ror-usage-context-type-vs"/>
        <version value="0.4.0"/>
        <name value="RORUsageContextTypeVS"/>
        <title value="Value Set type pour le contexte d'usage de la fiche de saisie"/>
        <status value="draft"/>
        <date value="2024-12-09T10:01:28+00:00"/>
        <jurisdiction>
          <coding>
            <system value="urn:iso:std:iso:3166"/>
            <code value="FR"/>
            <display value="FRANCE"/>
          </coding>
        </jurisdiction>
        <expansion>
          <identifier value="urn:uuid:18ec85e8-f3a5-455b-b046-f07ddef9387a"/>
          <timestamp value="2024-12-09T10:03:51+00:00"/>
          <total value="13"/>
          <offset value="0"/>
          <parameter>
            <name value="count"/>
            <valueInteger value="1000"/>
          </parameter>
          <parameter>
            <name value="offset"/>
            <valueInteger value="0"/>
          </parameter>
          <parameter>
            <name value="excludeNested"/>
            <valueBoolean value="false"/>
          </parameter>
          <parameter>
            <name value="used-codesystem"/>
            <valueUri value="http://terminology.hl7.org/CodeSystem/usage-context-type|2.0.1"/>
          </parameter>
          <parameter>
            <name value="used-valueset"/>
            <valueUri value="null"/>
          </parameter>
          <parameter>
            <name value="version"/>
            <valueUri value="https://mos.esante.gouv.fr/NOS/TRE_R67-TypeStructure-EJ-EG/FHIR/TRE-R67-TypeStructure-EJ-EG|20231215120000"/>
          </parameter>
          <parameter>
            <name value="used-codesystem"/>
            <valueUri value="https://mos.esante.gouv.fr/NOS/TRE_R67-TypeStructure-EJ-EG/FHIR/TRE-R67-TypeStructure-EJ-EG|20231215120000"/>
          </parameter>
          <parameter>
            <name value="excludeNested"/>
            <valueBoolean value="true"/>
          </parameter>
          <parameter>
            <name value="version"/>
            <valueUri value="https://mos.esante.gouv.fr/NOS/TRE_R04-TypeSavoirFaire/FHIR/TRE-R04-TypeSavoirFaire|20231215120000"/>
          </parameter>
          <parameter>
            <name value="used-codesystem"/>
            <valueUri value="https://mos.esante.gouv.fr/NOS/TRE_R04-TypeSavoirFaire/FHIR/TRE-R04-TypeSavoirFaire|20231215120000"/>
          </parameter>
          <parameter>
            <name value="version"/>
            <valueUri value="https://mos.esante.gouv.fr/NOS/TRE_R288-TypeProfession/FHIR/TRE-R288-TypeProfession|20231215120000"/>
          </parameter>
          <parameter>
            <name value="used-codesystem"/>
            <valueUri value="https://mos.esante.gouv.fr/NOS/TRE_R288-TypeProfession/FHIR/TRE-R288-TypeProfession|20231215120000"/>
          </parameter>
          <contains>
            <system value="http://terminology.hl7.org/CodeSystem/usage-context-type"/>
            <code value="gender"/>
            <display value="Gender"/>
          </contains>
          <contains>
            <system value="http://terminology.hl7.org/CodeSystem/usage-context-type"/>
            <code value="age"/>
            <display value="Age Range"/>
          </contains>
          <contains>
            <system value="http://terminology.hl7.org/CodeSystem/usage-context-type"/>
            <code value="focus"/>
            <display value="Clinical Focus"/>
          </contains>
          <contains>
            <system value="http://terminology.hl7.org/CodeSystem/usage-context-type"/>
            <code value="user"/>
            <display value="User Type"/>
          </contains>
          <contains>
            <system value="http://terminology.hl7.org/CodeSystem/usage-context-type"/>
            <code value="workflow"/>
            <display value="Workflow Setting"/>
          </contains>
          <contains>
            <system value="http://terminology.hl7.org/CodeSystem/usage-context-type"/>
            <code value="task"/>
            <display value="Workflow Task"/>
          </contains>
          <contains>
            <system value="http://terminology.hl7.org/CodeSystem/usage-context-type"/>
            <code value="venue"/>
            <display value="Clinical Venue"/>
          </contains>
          <contains>
            <system value="http://terminology.hl7.org/CodeSystem/usage-context-type"/>
            <code value="species"/>
            <display value="Species"/>
          </contains>
          <contains>
            <system value="http://terminology.hl7.org/CodeSystem/usage-context-type"/>
            <code value="program"/>
            <display value="Program"/>
          </contains>
          <contains>
            <system value="http://terminology.hl7.org/CodeSystem/usage-context-type"/>
            <code value="jurisdiction"/>
            <display value="Jurisdiction"/>
          </contains>
          <contains>
            <system value="https://mos.esante.gouv.fr/NOS/TRE_R67-TypeStructure-EJ-EG/FHIR/TRE-R67-TypeStructure-EJ-EG"/>
            <code value="EG"/>
            <display value="Etablissement géographique"/>
          </contains>
          <contains>
            <system value="https://mos.esante.gouv.fr/NOS/TRE_R04-TypeSavoirFaire/FHIR/TRE-R04-TypeSavoirFaire"/>
            <code value="S"/>
            <display value="Spécialité ordinale"/>
          </contains>
          <contains>
            <system value="https://mos.esante.gouv.fr/NOS/TRE_R288-TypeProfession/FHIR/TRE-R288-TypeProfession"/>
            <code value="P01"/>
            <display value="Professionnel de santé"/>
          </contains>
        </expansion>
      </ValueSet>
    </resource>
  </entry>
</Bundle>