URL,Version,Status,OIDs,Name,Title,Description,Used
http://hl7.org/fhir/uv/bulkdata/CodeSystem/include-associated-data,2.0.0,active,,IncludeAssociatedDataCodeSystem,Include Associated Data Code System,"Metadata inclusion options for Bulk Data Access Export Operation includeAssociatedData parameter","ValueSet/ror-include-associated-data-vs"
http://terminology.hl7.org/CodeSystem/usage-context-type,2.0.1,active,"2.16.840.1.113883.4.642.1.1068",UsageContextType,UsageContextType,"A code that specifies a type of context being specified by a usage context.","ValueSet/ror-usage-context-type-vs"
https://interop.esante.gouv.fr/ig/fhir/ror/CodeSystem/act-type-ror-codesystem,0.6.0,draft,,ActTypeRORCodeSystem,,"CodeSystem pour le type d'acte pour les slices de characteristic concernant les actes dans la ressource ROR HealthcareService","ValueSet/act-type-ror-valueset"
https://interop.esante.gouv.fr/ig/fhir/ror/CodeSystem/ror-include-associated-data-code-system,0.6.0,draft,,RorIncludeAssociatedDataCodeSystem,Code System (CS) utilisé pour étendre le CS original avec le query parameter includeAssociatedData,"Code system pour étendre https://hl7.org/fhir/uv/bulkdata/CodeSystem-include-associated-data.html pour ajouter l'opération export pour le ROR","ValueSet/ror-include-associated-data-vs"
https://interop.esante.gouv.fr/ig/fhir/ror/CodeSystem/usage-context-ror-codesystem,0.6.0,draft,,UsageContextRORCodeSystem,,"CodeSystem pour définir le type de catégorie du contexte d'usage des instances de questionnaire dans le cadre du ROR","ValueSet/ror-usage-context-type-vs"
