<?xml version="1.0" encoding="UTF-8"?><SearchParameter xmlns="http://hl7.org/fhir"><id value="ror-sp-organization-price-unit"/><text><status value="generated"/><div xmlns="http://www.w3.org/1999/xhtml"><p class="res-header-id"><b>Generated Narrative: SearchParameter ror-sp-organization-price-unit</b></p><a name="ror-sp-organization-price-unit"> </a><a name="hcror-sp-organization-price-unit"> </a><a name="ror-sp-organization-price-unit-fr-FR"> </a><h2>RORSPOrganizationPriceUnit</h2><p>Paramètre <code>price-unit</code>:<code>token</code></p><div><p>Paramètre de recherche sur l'unité de référence pour évaluer le prix des prestations et services</p>
</div><table class="grid"><tr><td>Ressource</td><td><a href="http://hl7.org/fhir/R4/organization.html">Organization</a></td></tr><tr><td>Expression</td><td><code>Organization.extension.where(url='https://interop.esante.gouv.fr/ig/fhir/ror/StructureDefinition/ror-organization-price').extension.where(url='priceUnit').value.as(CodeableConcept)</code></td></tr><tr><td>Multiples</td><td><ul><li>multipleAnd: It's up to the server whether the parameter may repeat in order to specify multiple values that must all be true</li><li>multipleOr: It's up to the server whether the parameter can have multiple values (separated by comma) where at least one must be true</li></ul></td></tr></table></div></text><url value="https://interop.esante.gouv.fr/ig/fhir/ror/SearchParameter/ror-sp-organization-price-unit"/><version value="0.6.0"/><name value="RORSPOrganizationPriceUnit"/><status value="active"/><date value="2025-10-02T15:49:09+00:00"/><publisher value="ANS"/><contact><name value="ANS"/><telecom><system value="url"/><value value="https://esante.gouv.fr"/></telecom></contact><description value="Paramètre de recherche sur l'unité de référence pour évaluer le prix des prestations et services"/><jurisdiction><coding><system value="urn:iso:std:iso:3166"/><code value="FR"/><display value="FRANCE"/></coding></jurisdiction><code value="price-unit"/><base value="Organization"/><type value="token"/><expression value="Organization.extension.where(url='https://interop.esante.gouv.fr/ig/fhir/ror/StructureDefinition/ror-organization-price').extension.where(url='priceUnit').value.as(CodeableConcept)"/></SearchParameter>