<?xml version="1.0" encoding="UTF-8"?>

<CodeSystem xmlns="http://hl7.org/fhir">
  <id value="act-type-ror-codesystem"/>
  <text>
    <status value="generated"/><div xmlns="http://www.w3.org/1999/xhtml"><p class="res-header-id"><b>Generated Narrative: CodeSystem act-type-ror-codesystem</b></p><a name="act-type-ror-codesystem"> </a><a name="hcact-type-ror-codesystem"> </a><a name="act-type-ror-codesystem-fr-FR"> </a><p>This case-sensitive code system <code>https://interop.esante.gouv.fr/ig/fhir/ror/CodeSystem/act-type-ror-codesystem</code> defines the following codes:</p><table class="codes"><tr><td style="white-space:nowrap"><b>Code</b></td><td><b>Definition</b></td></tr><tr><td style="white-space:nowrap">specificAct<a name="act-type-ror-codesystem-specificAct"> </a></td><td>Acte spécifique</td></tr><tr><td style="white-space:nowrap">outsideOfficeAct<a name="act-type-ror-codesystem-outsideOfficeAct"> </a></td><td>Acte hors cabinet</td></tr></table></div>
  </text>
  <url value="https://interop.esante.gouv.fr/ig/fhir/ror/CodeSystem/act-type-ror-codesystem"/>
  <version value="0.5.0-snapshot-1"/>
  <name value="ActTypeRORCodeSystem"/>
  <status value="draft"/>
  <date value="2024-12-16T09:49:25+00:00"/>
  <publisher value="ANS"/>
  <contact>
    <name value="ANS"/>
    <telecom>
      <system value="url"/>
      <value value="https://esante.gouv.fr"/>
    </telecom>
  </contact>
  <description value="CodeSystem pour le type d'acte pour les slices de characteristic concernant les actes dans la ressource ROR HealthcareService"/>
  <jurisdiction>
    <coding>
      <system value="urn:iso:std:iso:3166"/>
      <code value="FR"/>
      <display value="FRANCE"/>
    </coding>
  </jurisdiction>
  <caseSensitive value="true"/>
  <compositional value="false"/>
  <content value="complete"/>
  <count value="2"/>
  <concept>
    <code value="specificAct"/>
    <display value="specificAct"/>
    <definition value="Acte spécifique"/>
  </concept>
  <concept>
    <code value="outsideOfficeAct"/>
    <display value="outsideOfficeAct"/>
    <definition value="Acte hors cabinet"/>
  </concept>
</CodeSystem>