<?xml version="1.0" encoding="UTF-8"?><CodeSystem xmlns="http://hl7.org/fhir"><id value="input-task-ror-codesystem"/><text><status value="generated"/><div xmlns="http://www.w3.org/1999/xhtml"><p class="res-header-id"><b>Generated Narrative: CodeSystem input-task-ror-codesystem</b></p><a name="input-task-ror-codesystem"> </a><a name="hcinput-task-ror-codesystem"> </a><a name="input-task-ror-codesystem-fr-FR"> </a><p>This case-sensitive code system <code>https://interop.esante.gouv.fr/ig/fhir/ror/CodeSystem/input-task-ror-codesystem</code> defines the following codes:</p><table class="codes"><tr><td style="white-space:nowrap"><b>Code</b></td><td><b>Definition</b></td></tr><tr><td style="white-space:nowrap">ruleErrorId<a name="input-task-ror-codesystem-ruleErrorId"> </a></td><td>Identifiant de la règle à l'origine de l'anomalie</td></tr><tr><td style="white-space:nowrap">errorValue<a name="input-task-ror-codesystem-errorValue"> </a></td><td>donnée erronée</td></tr><tr><td style="white-space:nowrap">proposedValue<a name="input-task-ror-codesystem-proposedValue"> </a></td><td>nouvelle valeur proposée</td></tr><tr><td style="white-space:nowrap">pathElementError<a name="input-task-ror-codesystem-pathElementError"> </a></td><td>élément en erreur dans la ressource</td></tr><tr><td style="white-space:nowrap">systemRequester<a name="input-task-ror-codesystem-systemRequester"> </a></td><td>système déclarant l'anomalie</td></tr><tr><td style="white-space:nowrap">identifierRequester<a name="input-task-ror-codesystem-identifierRequester"> </a></td><td>Identifiant du déclarant de l'anomalie</td></tr></table></div></text><url value="https://interop.esante.gouv.fr/ig/fhir/ror/CodeSystem/input-task-ror-codesystem"/><version value="0.4.0-snapshot-2"/><name value="InputTaskRORCodeSystem"/><status value="draft"/><date value="2024-12-02T14:14:26+00:00"/><publisher value="ANS"/><contact><name value="ANS"/><telecom><system value="url"/><value value="https://esante.gouv.fr"/></telecom></contact><description value="Code System pour la définition des éléments spécifiques de input dans ressource RORTask"/><jurisdiction><coding><system value="urn:iso:std:iso:3166"/><code value="FR"/><display value="FRANCE"/></coding></jurisdiction><caseSensitive value="true"/><compositional value="false"/><content value="complete"/><count value="6"/><concept><code value="ruleErrorId"/><display value="ruleErrorId"/><definition value="Identifiant de la règle à l'origine de l'anomalie"/></concept><concept><code value="errorValue"/><display value="errorValue"/><definition value="donnée erronée"/></concept><concept><code value="proposedValue"/><display value="proposedValue"/><definition value="nouvelle valeur proposée"/></concept><concept><code value="pathElementError"/><display value="pathElementError"/><definition value="élément en erreur dans la ressource"/></concept><concept><code value="systemRequester"/><display value="systemRequester"/><definition value="système déclarant l'anomalie"/></concept><concept><code value="identifierRequester"/><display value="identifierRequester"/><definition value="Identifiant du déclarant de l'anomalie"/></concept></CodeSystem>