<?xml version="1.0" encoding="UTF-8"?><ValueSet xmlns="http://hl7.org/fhir"><id value="ror-include-associated-data-vs"/><text><status value="generated"/><div xmlns="http://www.w3.org/1999/xhtml"><p class="res-header-id"><b>Generated Narrative: ValueSet ror-include-associated-data-vs</b></p><a name="ror-include-associated-data-vs"> </a><a name="hcror-include-associated-data-vs"> </a><a name="ror-include-associated-data-vs-fr-FR"> </a><p>This value set includes codes based on the following rules:</p><ul><li>Include all codes defined in <a href="http://hl7.org/fhir/uv/bulkdata/STU2/CodeSystem-include-associated-data.html"><code>http://hl7.org/fhir/uv/bulkdata/CodeSystem/include-associated-data</code></a></li><li>Include all codes defined in <a href="CodeSystem-ror-include-associated-data-code-system.html"><code>https://interop.esante.gouv.fr/ig/fhir/ror/CodeSystem/ror-include-associated-data-code-system</code></a></li></ul></div></text><url value="https://interop.esante.gouv.fr/ig/fhir/ror/ValueSet/ror-include-associated-data-vs"/><version value="0.4.0-snapshot-2"/><name value="RorIncludeAssociatedDataVS"/><title value="Value Set afin d'étendre le Value Set pour query parameter includeAssociatedData"/><status value="draft"/><date value="2024-12-02T15:53:34+00:00"/><publisher value="ANS"/><contact><name value="ANS"/><telecom><system value="url"/><value value="https://esante.gouv.fr"/></telecom></contact><description value="Value Set pour étendre http://hl7.org/fhir/uv/bulkdata/ValueSet/include-associated-data et utiliser _[custom value] pour utiliser le query parameter includeAssociatedData"/><jurisdiction><coding><system value="urn:iso:std:iso:3166"/><code value="FR"/><display value="FRANCE"/></coding></jurisdiction><compose><include><system value="http://hl7.org/fhir/uv/bulkdata/CodeSystem/include-associated-data"/></include><include><system value="https://interop.esante.gouv.fr/ig/fhir/ror/CodeSystem/ror-include-associated-data-code-system"/></include></compose></ValueSet>