<?xml version="1.0" encoding="UTF-8"?><ValueSet xmlns="http://hl7.org/fhir"><id value="code-region-territorial-division-ror-valueset"/><text><status value="generated"/><div xmlns="http://www.w3.org/1999/xhtml"><p class="res-header-id"><b>Generated Narrative: ValueSet code-region-territorial-division-ror-valueset</b></p><a name="code-region-territorial-division-ror-valueset"> </a><a name="hccode-region-territorial-division-ror-valueset"> </a><a name="code-region-territorial-division-ror-valueset-fr-FR"> </a><p>This value set includes codes based on the following rules:</p><ul><li>Import all the codes that are contained in <a href="https://smt.esante.gouv.fr/fhir/ValueSet/JDV-J124-Commune">JDV_J124_Commune</a></li><li>Import all the codes that are contained in <a href="https://smt.esante.gouv.fr/fhir/ValueSet/JDV-J248-DepartementOM-ROR">JDV_J248_DepartementOM_ROR</a></li><li>Import all the codes that are contained in <a href="https://smt.esante.gouv.fr/fhir/ValueSet/JDV-J237-RegionOM-ROR">JDV_J237_RegionOM_ROR</a></li><li>Import all the codes that are contained in <a href="https://smt.esante.gouv.fr/fhir/ValueSet/JDV-J249-TerritoireSante-ROR">JDV_J249_TerritoireSante_ROR</a></li><li>Import all the codes that are contained in <a href="https://smt.esante.gouv.fr/fhir/ValueSet/JDV-J247-Pays-ROR">JDV_J247_Pays_ROR</a></li></ul></div></text><url value="https://interop.esante.gouv.fr/ig/fhir/ror/ValueSet/code-region-territorial-division-ror-valueset"/><version value="0.4.0-snapshot-2"/><name value="CodeRegionTerritorialDivisionRORValueSet"/><title value="Fusion des valuesets pour le code de la division territoriale"/><status value="draft"/><date value="2024-11-25T17:39:20+00:00"/><publisher value="ANS"/><contact><name value="ANS"/><telecom><system value="url"/><value value="https://esante.gouv.fr"/></telecom></contact><jurisdiction><coding><system value="urn:iso:std:iso:3166"/><code value="FR"/><display value="FRANCE"/></coding></jurisdiction><compose><include><valueSet value="https://mos.esante.gouv.fr/NOS/JDV_J124-Commune/FHIR/JDV-J124-Commune"/></include><include><valueSet value="https://mos.esante.gouv.fr/NOS/JDV_J248-DepartementOM-ROR/FHIR/JDV-J248-DepartementOM-ROR"/></include><include><valueSet value="https://mos.esante.gouv.fr/NOS/JDV_J237-RegionOM-ROR/FHIR/JDV-J237-RegionOM-ROR"/></include><include><valueSet value="https://mos.esante.gouv.fr/NOS/JDV_J249-TerritoireSante-ROR/FHIR/JDV-J249-TerritoireSante-ROR"/></include><include><valueSet value="https://mos.esante.gouv.fr/NOS/JDV_J247-Pays-ROR/FHIR/JDV-J247-Pays-ROR"/></include></compose></ValueSet>