<?xml version="1.0" encoding="UTF-8"?><ValueSet xmlns="http://hl7.org/fhir"><id value="ror-usage-context-type-vs"/><text><status value="generated"/><div xmlns="http://www.w3.org/1999/xhtml"><p class="res-header-id"><b>Generated Narrative: ValueSet ror-usage-context-type-vs</b></p><a name="ror-usage-context-type-vs"> </a><a name="hcror-usage-context-type-vs"> </a><a name="ror-usage-context-type-vs-fr-FR"> </a><p>This value set includes codes based on the following rules:</p><ul><li>Include all codes defined in <a href="http://terminology.hl7.org/6.1.0/CodeSystem-usage-context-type.html"><code>http://terminology.hl7.org/CodeSystem/usage-context-type</code></a></li><li>Include these codes as defined in <code>https://mos.esante.gouv.fr/NOS/TRE_R67-TypeStructure-EJ-EG/FHIR/TRE-R67-TypeStructure-EJ-EG</code><table class="none"><tr><td style="white-space:nowrap"><b>Code</b></td><td><b>Display</b></td></tr><tr><td>EG</td><td style="color: #cccccc">Etablissement géographique</td></tr></table></li><li>Include these codes as defined in <code>https://mos.esante.gouv.fr/NOS/TRE_R04-TypeSavoirFaire/FHIR/TRE-R04-TypeSavoirFaire</code><table class="none"><tr><td style="white-space:nowrap"><b>Code</b></td><td><b>Display</b></td></tr><tr><td>S</td><td style="color: #cccccc">Spécialité ordinale</td></tr></table></li><li>Include these codes as defined in <code>https://mos.esante.gouv.fr/NOS/TRE_R288-TypeProfession/FHIR/TRE-R288-TypeProfession</code><table class="none"><tr><td style="white-space:nowrap"><b>Code</b></td><td><b>Display</b></td></tr><tr><td>P01</td><td style="color: #cccccc">Professionnel de santé</td></tr></table></li></ul></div></text><url value="https://interop.esante.gouv.fr/ig/fhir/ror/ValueSet/ror-usage-context-type-vs"/><version value="0.4.0-snapshot-2"/><name value="RORUsageContextTypeVS"/><title value="Value Set type pour le contexte d'usage de la fiche de saisie"/><status value="draft"/><date value="2024-12-02T18:24:17+00:00"/><publisher value="ANS"/><contact><name value="ANS"/><telecom><system value="url"/><value value="https://esante.gouv.fr"/></telecom></contact><description value="Extension du Value Set http://hl7.org/fhir/ValueSet/usage-context-type pour fixer le type de contexte d'usage de la fiche de saisie avec le code EG ou le S pour Spécialité ordinale ou P01 pour le type de profession"/><jurisdiction><coding><system value="urn:iso:std:iso:3166"/><code value="FR"/><display value="FRANCE"/></coding></jurisdiction><compose><include><system value="http://terminology.hl7.org/CodeSystem/usage-context-type"/></include><include><system value="https://mos.esante.gouv.fr/NOS/TRE_R67-TypeStructure-EJ-EG/FHIR/TRE-R67-TypeStructure-EJ-EG"/><concept><code value="EG"/></concept></include><include><system value="https://mos.esante.gouv.fr/NOS/TRE_R04-TypeSavoirFaire/FHIR/TRE-R04-TypeSavoirFaire"/><concept><code value="S"/></concept></include><include><system value="https://mos.esante.gouv.fr/NOS/TRE_R288-TypeProfession/FHIR/TRE-R288-TypeProfession"/><concept><code value="P01"/></concept></include></compose></ValueSet>