URL,Version,Status,OIDs,Name,Title,Descriptino,Uses,Used,Sources
https://interop.esante.gouv.fr/ig/fhir/ror/ValueSet/act-type-ror-valueset,0.4.0-snapshot-2,draft,,ActTypeRORValueSet,Valueset type d'acte,"Valueset type d'acte",,"Internal"
https://interop.esante.gouv.fr/ig/fhir/ror/ValueSet/code-region-territorial-division-ror-valueset,0.4.0-snapshot-2,draft,,CodeRegionTerritorialDivisionRORValueSet,Fusion des valuesets pour le code de la division territoriale,"",,
https://interop.esante.gouv.fr/ig/fhir/ror/ValueSet/ror-include-associated-data-vs,0.4.0-snapshot-2,draft,,RorIncludeAssociatedDataVS,Value Set afin d'étendre le Value Set pour query parameter includeAssociatedData,"Value Set pour étendre http://hl7.org/fhir/uv/bulkdata/ValueSet/include-associated-data et utiliser _[custom value] pour utiliser le query parameter includeAssociatedData",,"hl7.fhir.uv.bulkdata,Internal"
https://interop.esante.gouv.fr/ig/fhir/ror/ValueSet/ror-usage-context-type-vs,0.4.0-snapshot-2,draft,,RORUsageContextTypeVS,Value Set type pour le contexte d'usage de la fiche de saisie,"Extension du Value Set http://hl7.org/fhir/ValueSet/usage-context-type pour fixer le type de contexte d'usage de la fiche de saisie avec le code EG ou le S pour Spécialité ordinale ou P01 pour le type de profession",,"THO,Other"
