{"resourceType":"SearchParameter","id":"ror-sp-gender-capacity-available","text":{"status":"generated","div":"<div xmlns=\"http://www.w3.org/1999/xhtml\"><p class=\"res-header-id\"><b>Generated Narrative: SearchParameter ror-sp-gender-capacity-available</b></p><a name=\"ror-sp-gender-capacity-available\"> </a><a name=\"hcror-sp-gender-capacity-available\"> </a><a name=\"ror-sp-gender-capacity-available-fr-FR\"> </a><h2>RORSPGenderCapacityAvailable</h2><p>Parameter <code>gender-capacity-available</code>:<code>token</code></p><div><p>Paramètre de recherche pour récupérer le genre disponible de la capacité.</p>\n</div><table class=\"grid\"><tr><td>Resource</td><td><a href=\"http://hl7.org/fhir/R4/location.html\">Location</a></td></tr><tr><td>Expression</td><td><code>Location.extension.where(url='https://interop.esante.gouv.fr/ig/fhir/ror/StructureDefinition/ror-location-supported-capacity').extension.where(url='genderCapacityAvailable').value.as(code)</code></td></tr><tr><td>Multiples</td><td><ul><li>multipleAnd: It's up to the server whether the parameter may repeat in order to specify multiple values that must all be true</li><li>multipleOr: It's up to the server whether the parameter can have multiple values (separated by comma) where at least one must be true</li></ul></td></tr></table></div>"},"url":"https://interop.esante.gouv.fr/ig/fhir/ror/SearchParameter/ror-sp-gender-capacity-available","version":"0.4.0","name":"RORSPGenderCapacityAvailable","status":"active","date":"2024-12-09T11:05:44+00:00","publisher":"ANS","contact":[{"name":"ANS","telecom":[{"system":"url","value":"https://esante.gouv.fr"}]}],"description":"Paramètre de recherche pour récupérer le genre disponible de la capacité.","jurisdiction":[{"coding":[{"system":"urn:iso:std:iso:3166","code":"FR","display":"FRANCE"}]}],"code":"gender-capacity-available","base":["Location"],"type":"token","expression":"Location.extension.where(url='https://interop.esante.gouv.fr/ig/fhir/ror/StructureDefinition/ror-location-supported-capacity').extension.where(url='genderCapacityAvailable').value.as(code)"}