{"resourceType":"SearchParameter","id":"ror-sp-healthcareservice-psychiatric-sector","text":{"status":"generated","div":"<div xmlns=\"http://www.w3.org/1999/xhtml\"><p class=\"res-header-id\"><b>Narratif généré : SearchParameter ror-sp-healthcareservice-psychiatric-sector</b></p><a name=\"ror-sp-healthcareservice-psychiatric-sector\"> </a><a name=\"hcror-sp-healthcareservice-psychiatric-sector\"> </a><a name=\"ror-sp-healthcareservice-psychiatric-sector-fr-FR\"> </a><h2>RORHealthcareServicePsychiatricSector</h2><p>Paramètre <code>psychiatric-sector</code>:<code>string</code></p><div><p>Paramètre de recherche décrivrant le secteur psychiatrique de l'offre opérationnelle</p>\n</div><table class=\"grid\"><tr><td>Ressource</td><td><a href=\"http://hl7.org/fhir/R4/healthcareservice.html\">HealthcareService</a></td></tr><tr><td>Expression</td><td><code>HealthcareService.extension.where(url = 'https://interop.esante.gouv.fr/ig/fhir/ror/StructureDefinition/ror-healthcareservice-psychiatric-sector').value.as(string)</code></td></tr><tr><td>Multiples</td><td><ul><li>multipleAnd: It's up to the server whether the parameter may repeat in order to specify multiple values that must all be true</li><li>multipleOr: It's up to the server whether the parameter can have multiple values (separated by comma) where at least one must be true</li></ul></td></tr></table></div>"},"url":"https://interop.esante.gouv.fr/ig/fhir/ror/SearchParameter/ror-sp-healthcareservice-psychiatric-sector","version":"0.6.0","name":"RORHealthcareServicePsychiatricSector","status":"active","date":"2025-06-10T08:02:33+00:00","publisher":"ANS","contact":[{"name":"ANS","telecom":[{"system":"url","value":"https://esante.gouv.fr"}]}],"description":"Paramètre de recherche décrivrant le secteur psychiatrique de l'offre opérationnelle","jurisdiction":[{"coding":[{"system":"urn:iso:std:iso:3166","code":"FR","display":"FRANCE"}]}],"code":"psychiatric-sector","base":["HealthcareService"],"type":"string","expression":"HealthcareService.extension.where(url = 'https://interop.esante.gouv.fr/ig/fhir/ror/StructureDefinition/ror-healthcareservice-psychiatric-sector').value.as(string)"}