{"resourceType":"SearchParameter","id":"ror-sp-organization-price-residential-type","text":{"status":"generated","div":"<div xmlns=\"http://www.w3.org/1999/xhtml\"><p class=\"res-header-id\"><b>Generated Narrative: SearchParameter ror-sp-organization-price-residential-type</b></p><a name=\"ror-sp-organization-price-residential-type\"> </a><a name=\"hcror-sp-organization-price-residential-type\"> </a><a name=\"ror-sp-organization-price-residential-type-fr-FR\"> </a><h2>RORSPOrganizationPriceResidentialType</h2><p>Parameter <code>price-residential-type</code>:<code>token</code></p><div><p>Paramètre de recherche sur les caractéristiques de l'hébergement</p>\n</div><table class=\"grid\"><tr><td>Resource</td><td><a href=\"http://hl7.org/fhir/R4/organization.html\">Organization</a></td></tr><tr><td>Expression</td><td><code>Organization.extension.where(url='https://interop.esante.gouv.fr/ig/fhir/ror/StructureDefinition/ror-organization-price').extension.where(url='residentialType').value.as(CodeableConcept)</code></td></tr><tr><td>Multiples</td><td><ul><li>multipleAnd: It's up to the server whether the parameter may repeat in order to specify multiple values that must all be true</li><li>multipleOr: It's up to the server whether the parameter can have multiple values (separated by comma) where at least one must be true</li></ul></td></tr></table></div>"},"url":"https://interop.esante.gouv.fr/ig/fhir/ror/SearchParameter/ror-sp-organization-price-residential-type","version":"0.4.0-snapshot-2","name":"RORSPOrganizationPriceResidentialType","status":"active","date":"2024-10-07T14:01:40+00:00","publisher":"ANS","contact":[{"name":"ANS","telecom":[{"system":"url","value":"https://esante.gouv.fr"}]}],"description":"Paramètre de recherche sur les caractéristiques de l'hébergement","jurisdiction":[{"coding":[{"system":"urn:iso:std:iso:3166","code":"FR","display":"FRANCE"}]}],"code":"price-residential-type","base":["Organization"],"type":"token","expression":"Organization.extension.where(url='https://interop.esante.gouv.fr/ig/fhir/ror/StructureDefinition/ror-organization-price').extension.where(url='residentialType').value.as(CodeableConcept)"}