{"resourceType":"ValueSet","id":"ror-usage-context-type-vs","meta":{"profile":["http://hl7.org/fhir/StructureDefinition/shareablevalueset"]},"text":{"status":"generated","div":"<div xmlns=\"http://www.w3.org/1999/xhtml\"><p class=\"res-header-id\"><b>Generated Narrative: ValueSet ror-usage-context-type-vs</b></p><a name=\"ror-usage-context-type-vs\"> </a><a name=\"hcror-usage-context-type-vs\"> </a><a name=\"ror-usage-context-type-vs-fr-FR\"> </a><div style=\"display: inline-block; background-color: #d9e0e7; padding: 6px; margin: 4px; border: 1px solid #8da1b4; border-radius: 5px; line-height: 60%\"><p style=\"margin-bottom: 0px\"/><p style=\"margin-bottom: 0px\">Profil: <a href=\"http://hl7.org/fhir/R4/shareablevalueset.html\">Shareable ValueSet</a></p></div><p>Ce jeu de valeur (ValueSet) inclut les codes selon les règles suivantes :</p><ul><li>Include tous les codes définis dans <a href=\"http://terminology.hl7.org/6.5.0/CodeSystem-usage-context-type.html\"><code>http://terminology.hl7.org/CodeSystem/usage-context-type</code></a></li><li>Include tous les codes définis dans <a href=\"CodeSystem-usage-context-ror-codesystem.html\"><code>https://interop.esante.gouv.fr/ig/fhir/ror/CodeSystem/usage-context-ror-codesystem</code></a></li><li>Include ces codes sont définis dans <code>https://mos.esante.gouv.fr/NOS/TRE_R67-TypeStructure-EJ-EG/FHIR/TRE-R67-TypeStructure-EJ-EG</code><table class=\"none\"><tr><td style=\"white-space:nowrap\"><b>Code</b></td><td><b>Display</b></td></tr><tr><td>EG</td><td style=\"color: #cccccc\">Etablissement géographique</td></tr></table></li><li>Include ces codes sont définis dans <code>https://mos.esante.gouv.fr/NOS/TRE_R04-TypeSavoirFaire/FHIR/TRE-R04-TypeSavoirFaire</code><table class=\"none\"><tr><td style=\"white-space:nowrap\"><b>Code</b></td><td><b>Display</b></td></tr><tr><td>S</td><td style=\"color: #cccccc\">Spécialité ordinale</td></tr></table></li><li>Include ces codes sont définis dans <code>https://mos.esante.gouv.fr/NOS/TRE_R288-TypeProfession/FHIR/TRE-R288-TypeProfession</code><table class=\"none\"><tr><td style=\"white-space:nowrap\"><b>Code</b></td><td><b>Display</b></td></tr><tr><td>P01</td><td style=\"color: #cccccc\">Professionnel de santé</td></tr></table></li></ul></div>"},"url":"https://interop.esante.gouv.fr/ig/fhir/ror/ValueSet/ror-usage-context-type-vs","version":"0.7.0-snapshot-1","name":"RORUsageContextTypeVS","title":"Value Set type pour le contexte d'usage de la fiche de saisie","status":"draft","experimental":true,"date":"2025-10-17T13:49:18+00:00","publisher":"ANS","contact":[{"name":"ANS","telecom":[{"system":"url","value":"https://esante.gouv.fr"}]}],"description":"Extension du Value Set http://hl7.org/fhir/ValueSet/usage-context-type pour fixer le type de contexte d'usage de la fiche de saisie avec le code EG ou le S pour Spécialité ordinale ou P01 pour le type de profession","jurisdiction":[{"coding":[{"system":"urn:iso:std:iso:3166","code":"FR","display":"FRANCE"}]}],"compose":{"include":[{"system":"http://terminology.hl7.org/CodeSystem/usage-context-type"},{"system":"https://interop.esante.gouv.fr/ig/fhir/ror/CodeSystem/usage-context-ror-codesystem"},{"system":"https://mos.esante.gouv.fr/NOS/TRE_R67-TypeStructure-EJ-EG/FHIR/TRE-R67-TypeStructure-EJ-EG","concept":[{"code":"EG"}]},{"system":"https://mos.esante.gouv.fr/NOS/TRE_R04-TypeSavoirFaire/FHIR/TRE-R04-TypeSavoirFaire","concept":[{"code":"S"}]},{"system":"https://mos.esante.gouv.fr/NOS/TRE_R288-TypeProfession/FHIR/TRE-R288-TypeProfession","concept":[{"code":"P01"}]}]}}