{"resourceType":"ValueSet","id":"act-type-ror-valueset","text":{"status":"generated","div":"<div xmlns=\"http://www.w3.org/1999/xhtml\"><ul><li>Include all codes defined in <a href=\"CodeSystem-act-type-ror-codesystem.html\"><code>https://interop.esante.gouv.fr/ig/fhir/ror/CodeSystem/act-type-ror-codesystem</code></a></li></ul></div>"},"url":"https://interop.esante.gouv.fr/ig/fhir/ror/ValueSet/act-type-ror-valueset","version":"0.4.0-ballot-1","name":"ActTypeRORValueSet","title":"Valueset type d'acte","status":"active","date":"2024-04-02T16:06:43+00:00","publisher":"ANS","contact":[{"name":"ANS","telecom":[{"system":"url","value":"https://esante.gouv.fr"}]}],"description":"Valueset type d'acte","jurisdiction":[{"coding":[{"system":"urn:iso:std:iso:3166","code":"FR","display":"FRANCE"}]}],"compose":{"include":[{"system":"https://interop.esante.gouv.fr/ig/fhir/ror/CodeSystem/act-type-ror-codesystem"}]}}