{"resourceType":"ValueSet","id":"ror-include-associated-data-vs","text":{"status":"generated","div":"<div xmlns=\"http://www.w3.org/1999/xhtml\"><p class=\"res-header-id\"><b>Generated Narrative: ValueSet ror-include-associated-data-vs</b></p><a name=\"ror-include-associated-data-vs\"> </a><a name=\"hcror-include-associated-data-vs\"> </a><a name=\"hcror-include-associated-data-vs-fr-FR\"> </a><p>This value set includes codes based on the following rules:</p><ul><li>Include all codes defined in <a href=\"http://hl7.org/fhir/uv/bulkdata/STU2/CodeSystem-include-associated-data.html\"><code>http://hl7.org/fhir/uv/bulkdata/CodeSystem/include-associated-data</code></a></li><li>Include all codes defined in <a href=\"CodeSystem-ror-include-associated-data-code-system.html\"><code>https://interop.esante.gouv.fr/ig/fhir/ror/CodeSystem/ror-include-associated-data-code-system</code></a></li></ul></div>"},"url":"https://interop.esante.gouv.fr/ig/fhir/ror/ValueSet/ror-include-associated-data-vs","version":"0.4.0-snapshot-2","name":"RorIncludeAssociatedDataVS","title":"Value Set afin d'étendre le Value Set pour query parameter includeAssociatedData","status":"draft","date":"2024-07-09T09:01:38+00:00","publisher":"ANS","contact":[{"name":"ANS","telecom":[{"system":"url","value":"https://esante.gouv.fr"}]}],"description":"Value Set pour étendre http://hl7.org/fhir/uv/bulkdata/ValueSet/include-associated-data et utiliser _[custom value] pour utiliser le query parameter includeAssociatedData","jurisdiction":[{"coding":[{"system":"urn:iso:std:iso:3166","code":"FR","display":"FRANCE"}]}],"compose":{"include":[{"system":"http://hl7.org/fhir/uv/bulkdata/CodeSystem/include-associated-data"},{"system":"https://interop.esante.gouv.fr/ig/fhir/ror/CodeSystem/ror-include-associated-data-code-system"}]}}