{"resourceType":"ValueSet","id":"ror-include-associated-data-vs","meta":{"profile":["http://hl7.org/fhir/StructureDefinition/shareablevalueset"]},"text":{"status":"generated","div":"<div xmlns=\"http://www.w3.org/1999/xhtml\"><p class=\"res-header-id\"><b>Narratif généré : ValueSet ror-include-associated-data-vs</b></p><a name=\"ror-include-associated-data-vs\"> </a><a name=\"hcror-include-associated-data-vs\"> </a><a name=\"ror-include-associated-data-vs-fr-FR\"> </a><div style=\"display: inline-block; background-color: #d9e0e7; padding: 6px; margin: 4px; border: 1px solid #8da1b4; border-radius: 5px; line-height: 60%\"><p style=\"margin-bottom: 0px\"/><p style=\"margin-bottom: 0px\">Profil: <a href=\"http://hl7.org/fhir/R4/shareablevalueset.html\">Shareable ValueSet</a></p></div><p>Ce jeu de valeur (ValueSet) inclut les codes selon les règles suivantes :</p><ul><li>Inclut tous les codes définis dans <a href=\"http://hl7.org/fhir/uv/bulkdata/STU2/CodeSystem-include-associated-data.html\"><code>http://hl7.org/fhir/uv/bulkdata/CodeSystem/include-associated-data</code></a></li><li>Inclut tous les codes définis dans <a href=\"CodeSystem-ror-include-associated-data-code-system.html\"><code>https://interop.esante.gouv.fr/ig/fhir/ror/CodeSystem/ror-include-associated-data-code-system</code></a></li></ul></div>"},"url":"https://interop.esante.gouv.fr/ig/fhir/ror/ValueSet/ror-include-associated-data-vs","version":"0.6.0","name":"RorIncludeAssociatedDataVS","title":"Value Set afin d'étendre le Value Set pour query parameter includeAssociatedData","status":"draft","experimental":true,"date":"2025-06-04T09:55:05+00:00","publisher":"ANS","contact":[{"name":"ANS","telecom":[{"system":"url","value":"https://esante.gouv.fr"}]}],"description":"Value Set pour étendre http://hl7.org/fhir/uv/bulkdata/ValueSet/include-associated-data et utiliser _[custom value] pour utiliser le query parameter includeAssociatedData","jurisdiction":[{"coding":[{"system":"urn:iso:std:iso:3166","code":"FR","display":"FRANCE"}]}],"compose":{"include":[{"system":"http://hl7.org/fhir/uv/bulkdata/CodeSystem/include-associated-data"},{"system":"https://interop.esante.gouv.fr/ig/fhir/ror/CodeSystem/ror-include-associated-data-code-system"}]}}