<?xml version="1.0" encoding="UTF-8"?><CodeSystem xmlns="http://hl7.org/fhir"><id value="ror-include-associated-data-code-system"/><meta><profile value="http://hl7.org/fhir/StructureDefinition/shareablecodesystem"/></meta><text><status value="generated"/><div xmlns="http://www.w3.org/1999/xhtml"><p class="res-header-id"><b>Narratif généré : CodeSystem ror-include-associated-data-code-system</b></p><a name="ror-include-associated-data-code-system"> </a><a name="hcror-include-associated-data-code-system"> </a><div style="display: inline-block; background-color: #d9e0e7; padding: 6px; margin: 4px; border: 1px solid #8da1b4; border-radius: 5px; line-height: 60%"><p style="margin-bottom: 0px"/><p style="margin-bottom: 0px">Profil: <a href="http://hl7.org/fhir/R4/shareablecodesystem.html">Shareable CodeSystem</a></p></div><p>This case-sensitive code system <code>https://interop.esante.gouv.fr/ig/fhir/ror/CodeSystem/ror-include-associated-data-code-system</code> defines the following code:</p><table class="codes"><tr><td style="white-space:nowrap"><b>Code</b></td><td><b>Display</b></td><td><b>Définition</b></td></tr><tr><td style="white-space:nowrap">_myCompleteExtract<a name="ror-include-associated-data-code-system-_myCompleteExtract"> </a></td><td>Extraction complète</td><td>Valeur personnalisée pour  le query parameter includeAssociatedData de l'opération export, afin d'inclure toutes les ressources liées à la ressource identifiée dans _type.</td></tr></table></div></text><url value="https://interop.esante.gouv.fr/ig/fhir/ror/CodeSystem/ror-include-associated-data-code-system"/><version value="0.6.0"/><name value="RorIncludeAssociatedDataCodeSystem"/><title value="Code System (CS) utilisé pour étendre le CS original avec le query parameter includeAssociatedData"/><status value="draft"/><experimental value="true"/><date value="2025-07-17T15:32:30+00:00"/><publisher value="ANS"/><contact><name value="ANS"/><telecom><system value="url"/><value value="https://esante.gouv.fr"/></telecom></contact><description value="Code system pour étendre https://hl7.org/fhir/uv/bulkdata/CodeSystem-include-associated-data.html pour ajouter l'opération export pour le ROR"/><jurisdiction><coding><system value="urn:iso:std:iso:3166"/><code value="FR"/><display value="FRANCE"/></coding></jurisdiction><caseSensitive value="true"/><content value="complete"/><count value="1"/><concept><code value="_myCompleteExtract"/><display value="Extraction complète"/><definition value="Valeur personnalisée pour  le query parameter includeAssociatedData de l'opération export, afin d'inclure toutes les ressources liées à la ressource identifiée dans _type."/><designation><use><system value="http://terminology.hl7.org/CodeSystem/designation-usage"/><code value="display"/></use><value value="Extraction complète"/></designation></concept></CodeSystem>