<?xml version="1.0" encoding="UTF-8"?><CodeSystem xmlns="http://hl7.org/fhir"><id value="act-type-ror-codesystem"/><meta><profile value="http://hl7.org/fhir/StructureDefinition/shareablecodesystem"/></meta><text><status value="generated"/><div xmlns="http://www.w3.org/1999/xhtml"><p class="res-header-id"><b>Narratif généré : CodeSystem act-type-ror-codesystem</b></p><a name="act-type-ror-codesystem"> </a><a name="hcact-type-ror-codesystem"> </a><div style="display: inline-block; background-color: #d9e0e7; padding: 6px; margin: 4px; border: 1px solid #8da1b4; border-radius: 5px; line-height: 60%"><p style="margin-bottom: 0px"/><p style="margin-bottom: 0px">Profil: <a href="http://hl7.org/fhir/R4/shareablecodesystem.html">Shareable CodeSystem</a></p></div><p>This case-sensitive code system <code>https://interop.esante.gouv.fr/ig/fhir/ror/CodeSystem/act-type-ror-codesystem</code> defines the following codes:</p><table class="codes"><tr><td style="white-space:nowrap"><b>Code</b></td><td><b>Définition</b></td></tr><tr><td style="white-space:nowrap">specificAct<a name="act-type-ror-codesystem-specificAct"> </a></td><td>Acte spécifique</td></tr><tr><td style="white-space:nowrap">outsideOfficeAct<a name="act-type-ror-codesystem-outsideOfficeAct"> </a></td><td>Acte hors cabinet</td></tr></table></div></text><url value="https://interop.esante.gouv.fr/ig/fhir/ror/CodeSystem/act-type-ror-codesystem"/><version value="0.6.0"/><name value="ActTypeRORCodeSystem"/><status value="draft"/><experimental value="true"/><date value="2025-07-28T16:37:17+00:00"/><publisher value="ANS"/><contact><name value="ANS"/><telecom><system value="url"/><value value="https://esante.gouv.fr"/></telecom></contact><description value="CodeSystem pour le type d'acte pour les slices de characteristic concernant les actes dans la ressource ROR HealthcareService"/><jurisdiction><coding><system value="urn:iso:std:iso:3166"/><code value="FR"/><display value="FRANCE"/></coding></jurisdiction><caseSensitive value="true"/><compositional value="false"/><content value="complete"/><count value="2"/><concept><code value="specificAct"/><display value="specificAct"/><definition value="Acte spécifique"/><designation><use><system value="http://terminology.hl7.org/CodeSystem/designation-usage"/><code value="display"/></use><value value="specificAct"/></designation></concept><concept><code value="outsideOfficeAct"/><display value="outsideOfficeAct"/><definition value="Acte hors cabinet"/><designation><use><system value="http://terminology.hl7.org/CodeSystem/designation-usage"/><code value="display"/></use><value value="outsideOfficeAct"/></designation></concept></CodeSystem>