<?xml version="1.0" encoding="UTF-8"?><SearchParameter xmlns="http://hl7.org/fhir"><id value="ror-sp-organization-drop-zone"/><text><status value="generated"/><div xmlns="http://www.w3.org/1999/xhtml"><p class="res-header-id"><b>Generated Narrative: SearchParameter ror-sp-organization-drop-zone</b></p><a name="ror-sp-organization-drop-zone"> </a><a name="hcror-sp-organization-drop-zone"> </a><a name="ror-sp-organization-drop-zone-fr-FR"> </a><h2>RORSPOrganizationDropZone</h2><p>Parameter <code>drop-zone</code>:<code>token</code></p><div><p>Paramètre de recherche permettant d'indiquer s'il y a une zone poser sur le site concerné</p>
</div><table class="grid"><tr><td>Resource</td><td><a href="http://hl7.org/fhir/R4/organization.html">Organization</a></td></tr><tr><td>Expression</td><td><code>Organization.extension.where(url='https://interop.esante.gouv.fr/ig/fhir/ror/StructureDefinition/ror-organization-drop-zone').value.as(boolean)</code></td></tr><tr><td>Multiples</td><td><ul><li>multipleAnd: It's up to the server whether the parameter may repeat in order to specify multiple values that must all be true</li><li>multipleOr: It's up to the server whether the parameter can have multiple values (separated by comma) where at least one must be true</li></ul></td></tr></table></div></text><url value="https://interop.esante.gouv.fr/ig/fhir/ror/SearchParameter/ror-sp-organization-drop-zone"/><version value="0.4.0-snapshot-2"/><name value="RORSPOrganizationDropZone"/><status value="active"/><date value="2024-10-07T14:01:40+00:00"/><publisher value="ANS"/><contact><name value="ANS"/><telecom><system value="url"/><value value="https://esante.gouv.fr"/></telecom></contact><description value="Paramètre de recherche permettant d'indiquer s'il y a une zone poser sur le site concerné"/><jurisdiction><coding><system value="urn:iso:std:iso:3166"/><code value="FR"/><display value="FRANCE"/></coding></jurisdiction><code value="drop-zone"/><base value="Organization"/><type value="token"/><expression value="Organization.extension.where(url='https://interop.esante.gouv.fr/ig/fhir/ror/StructureDefinition/ror-organization-drop-zone').value.as(boolean)"/></SearchParameter>