<?xml version="1.0" encoding="UTF-8"?><SearchParameter xmlns="http://hl7.org/fhir"><id value="ror-sp-healthcareservice-notavailable-closing-reopeningdate"/><text><status value="generated"/><div xmlns="http://www.w3.org/1999/xhtml"><h2>RORSPHealthcareServiceNotAvailableClosingReopeningDate</h2><p>Parameter <code>notavailable-closing-reopeningdate</code>:<code>date</code></p><div><p>Paramètre de recherche pour rechercher la date dans la période de fermeture (during.start) et de réouverture prévisionnelle (during.end).</p>
</div><table class="grid"><tr><td>Resource</td><td><a href="http://hl7.org/fhir/R4/healthcareservice.html">HealthcareService</a></td></tr><tr><td>Expression</td><td><code>HealthcareService.notAvailable:closingReopeningDate.during</code></td></tr><tr><td>Multiples</td><td><ul><li>multipleAnd: It's up to the server whether the parameter may repeat in order to specify multiple values that must all be true</li><li>multipleOr: It's up to the server whether the parameter can have multiple values (separated by comma) where at least one must be true</li></ul></td></tr><tr><td>Comparators</td><td>Allowed: eq, ne, gt, ge, lt, le, sa, eb, ap</td></tr></table></div></text><url value="https://interop.esante.gouv.fr/ig/fhir/ror/SearchParameter/ror-sp-healthcareservice-notavailable-closing-reopeningdate"/><version value="0.4.0-snapshot-1"/><name value="RORSPHealthcareServiceNotAvailableClosingReopeningDate"/><status value="active"/><date value="2024-05-16T17:06:23+00:00"/><publisher value="ANS"/><contact><name value="ANS"/><telecom><system value="url"/><value value="https://esante.gouv.fr"/></telecom></contact><description value="Paramètre de recherche pour rechercher la date dans la période de fermeture (during.start) et de réouverture prévisionnelle (during.end)."/><jurisdiction><coding><system value="urn:iso:std:iso:3166"/><code value="FR"/><display value="FRANCE"/></coding></jurisdiction><code value="notavailable-closing-reopeningdate"/><base value="HealthcareService"/><type value="date"/><expression value="HealthcareService.notAvailable:closingReopeningDate.during"/><comparator value="eq"/><comparator value="ne"/><comparator value="gt"/><comparator value="ge"/><comparator value="lt"/><comparator value="le"/><comparator value="sa"/><comparator value="eb"/><comparator value="ap"/></SearchParameter>