<?xml version="1.0" encoding="UTF-8"?><SearchParameter xmlns="http://hl7.org/fhir"><id value="ror-sp-healthcareservice-equipment-type"/><text><status value="generated"/><div xmlns="http://www.w3.org/1999/xhtml"><p class="res-header-id"><b>Generated Narrative: SearchParameter ror-sp-healthcareservice-equipment-type</b></p><a name="ror-sp-healthcareservice-equipment-type"> </a><a name="hcror-sp-healthcareservice-equipment-type"> </a><a name="ror-sp-healthcareservice-equipment-type-fr-FR"> </a><h2>RORHealthcareServiceEquipmentType</h2><p>Parameter <code>equipment-type</code>:<code>token</code></p><div><p>Paramètre de recherche décrivant le type d'équipement de l'offre opérationnelle</p>
</div><table class="grid"><tr><td>Resource</td><td><a href="http://hl7.org/fhir/R4/healthcareservice.html">HealthcareService</a></td></tr><tr><td>Expression</td><td><code>HealthcareService.extension.where(url = 'http://interop.esante.gouv.fr/ig/fhir/ror30/StructureDefinition/ror-healthcareservice-equipement').extension.where(url = 'equipmentType').value.as(CodeableConcept)</code></td></tr><tr><td>Multiples</td><td><ul><li>multipleAnd: It's up to the server whether the parameter may repeat in order to specify multiple values that must all be true</li><li>multipleOr: It's up to the server whether the parameter can have multiple values (separated by comma) where at least one must be true</li></ul></td></tr></table></div></text><url value="https://interop.esante.gouv.fr/ig/fhir/ror/SearchParameter/ror-sp-healthcareservice-equipment-type"/><version value="0.4.0-snapshot-2"/><name value="RORHealthcareServiceEquipmentType"/><status value="active"/><date value="2024-10-23T09:49:13+00:00"/><publisher value="ANS"/><contact><name value="ANS"/><telecom><system value="url"/><value value="https://esante.gouv.fr"/></telecom></contact><description value="Paramètre de recherche décrivant le type d'équipement de l'offre opérationnelle"/><jurisdiction><coding><system value="urn:iso:std:iso:3166"/><code value="FR"/><display value="FRANCE"/></coding></jurisdiction><code value="equipment-type"/><base value="HealthcareService"/><type value="token"/><expression value="HealthcareService.extension.where(url = 'http://interop.esante.gouv.fr/ig/fhir/ror30/StructureDefinition/ror-healthcareservice-equipement').extension.where(url = 'equipmentType').value.as(CodeableConcept)"/></SearchParameter>