<?xml version="1.0" encoding="UTF-8"?><SearchParameter xmlns="http://hl7.org/fhir"><id value="ror-sp-crisis-type"/><text><status value="generated"/><div xmlns="http://www.w3.org/1999/xhtml"><p class="res-header-id"><b>Narratif généré : ParamètreRecherche ror-sp-crisis-type</b></p><a name="ror-sp-crisis-type"> </a><a name="hcror-sp-crisis-type"> </a><h2>RORSPCrisisType</h2><p>Paramètre <code>crisis-type</code>:<code>token</code></p><div><p>Paramètre de recherche pour récupérer le type de la crise</p>
</div><table class="grid"><tr><td>Ressource</td><td><a href="http://hl7.org/fhir/R4/location.html">Location</a></td></tr><tr><td>Expression</td><td><code>Location.extension.where(url='https://interop.esante.gouv.fr/ig/fhir/ror/StructureDefinition/ror-location-supported-capacity').extension.where(url='crisisType').value.as(code)</code></td></tr><tr><td>Multiples</td><td><ul><li>multipleAnd: It's up to the server whether the parameter may repeat in order to specify multiple values that must all be true</li><li>multipleOr: It's up to the server whether the parameter can have multiple values (separated by comma) where at least one must be true</li></ul></td></tr></table></div></text><url value="https://interop.esante.gouv.fr/ig/fhir/ror/SearchParameter/ror-sp-crisis-type"/><version value="0.6.0"/><name value="RORSPCrisisType"/><status value="active"/><date value="2025-07-29T14:46:28+00:00"/><publisher value="ANS"/><contact><name value="ANS"/><telecom><system value="url"/><value value="https://esante.gouv.fr"/></telecom></contact><description value="Paramètre de recherche pour récupérer le type de la crise"/><jurisdiction><coding><system value="urn:iso:std:iso:3166"/><code value="FR"/><display value="FRANCE"/></coding></jurisdiction><code value="crisis-type"/><base value="Location"/><type value="token"/><expression value="Location.extension.where(url='https://interop.esante.gouv.fr/ig/fhir/ror/StructureDefinition/ror-location-supported-capacity').extension.where(url='crisisType').value.as(code)"/></SearchParameter>