<?xml version="1.0" encoding="UTF-8"?><ValueSet xmlns="http://hl7.org/fhir"><id value="act-type-ror-valueset"/><text><status value="generated"/><div xmlns="http://www.w3.org/1999/xhtml"><p class="res-header-id"><b>Generated Narrative: ValueSet act-type-ror-valueset</b></p><a name="act-type-ror-valueset"> </a><a name="hcact-type-ror-valueset"> </a><a name="act-type-ror-valueset-fr-FR"> </a><ul><li>Include all codes defined in <a href="CodeSystem-act-type-ror-codesystem.html"><code>https://interop.esante.gouv.fr/ig/fhir/ror/CodeSystem/act-type-ror-codesystem</code></a></li></ul></div></text><url value="https://interop.esante.gouv.fr/ig/fhir/ror/ValueSet/act-type-ror-valueset"/><version value="0.4.0"/><name value="ActTypeRORValueSet"/><title value="Valueset type d'acte"/><status value="draft"/><date value="2024-12-09T14:17:59+00:00"/><publisher value="ANS"/><contact><name value="ANS"/><telecom><system value="url"/><value value="https://esante.gouv.fr"/></telecom></contact><description value="Valueset type d'acte"/><jurisdiction><coding><system value="urn:iso:std:iso:3166"/><code value="FR"/><display value="FRANCE"/></coding></jurisdiction><compose><include><system value="https://interop.esante.gouv.fr/ig/fhir/ror/CodeSystem/act-type-ror-codesystem"/></include></compose></ValueSet>