{"resourceType":"SearchParameter","id":"ror-sp-location-commune-cog","text":{"status":"generated","div":"<div xmlns=\"http://www.w3.org/1999/xhtml\"><p class=\"res-header-id\"><b>Generated Narrative: SearchParameter ror-sp-location-commune-cog</b></p><a name=\"ror-sp-location-commune-cog\"> </a><a name=\"hcror-sp-location-commune-cog\"> </a><a name=\"ror-sp-location-commune-cog-fr-FR\"> </a><h2>RORSPLocationCommuneCOG</h2><p>Parameter <code>commune-cog</code>:<code>token</code></p><div><p>Paramètre de recherche sur le code officiel géographique (cog) de la commune dans laquelle le lieu est situé</p>\n</div><table class=\"grid\"><tr><td>Resource</td><td><a href=\"http://hl7.org/fhir/R4/location.html\">Location</a></td></tr><tr><td>Expression</td><td><code>Location.extension.where(url='https://interop.esante.gouv.fr/ig/fhir/ror/StructureDefinition/ror-commune-cog').value.as(CodeableConcept)</code></td></tr><tr><td>Multiples</td><td><ul><li>multipleAnd: It's up to the server whether the parameter may repeat in order to specify multiple values that must all be true</li><li>multipleOr: It's up to the server whether the parameter can have multiple values (separated by comma) where at least one must be true</li></ul></td></tr></table></div>"},"url":"https://interop.esante.gouv.fr/ig/fhir/ror/SearchParameter/ror-sp-location-commune-cog","version":"0.4.0-snapshot-2","name":"RORSPLocationCommuneCOG","status":"active","date":"2024-12-10T13:59:26+00:00","publisher":"ANS","contact":[{"name":"ANS","telecom":[{"system":"url","value":"https://esante.gouv.fr"}]}],"description":"Paramètre de recherche sur le code officiel géographique (cog) de la commune dans laquelle le lieu est situé","jurisdiction":[{"coding":[{"system":"urn:iso:std:iso:3166","code":"FR","display":"FRANCE"}]}],"code":"commune-cog","base":["Location"],"type":"token","expression":"Location.extension.where(url='https://interop.esante.gouv.fr/ig/fhir/ror/StructureDefinition/ror-commune-cog').value.as(CodeableConcept)"}