{
  "resourceType" : "ValueSet",
  "id" : "3b87f990-9697-4e1f-a3e9-ff7d321f13a9-192",
  "url" : "http://hl7.org/fhir/comparison/ValueSet/3b87f990-9697-4e1f-a3e9-ff7d321f13a9-192",
  "name" : "IntersectionRORUsageContextTypeVSAndRORUsageContextTypeVS",
  "title" : "Intersection of Value Set type pour le contexte d'usage de la fiche de saisie And Value Set type pour le contexte d'usage de la fiche de saisie",
  "status" : "draft",
  "date" : "2024-12-16T10:20:45+00:00",
  "jurisdiction" : [{
    "coding" : [{
      "system" : "urn:iso:std:iso:3166",
      "code" : "FR",
      "display" : "FRANCE"
    }]
  }],
  "compose" : {
    "include" : [{
      
    },
    {
      "concept" : [{
        "code" : "EG"
      }]
    },
    {
      "concept" : [{
        "code" : "S"
      }]
    },
    {
      "concept" : [{
        "code" : "P01"
      }]
    }]
  }
}