{"resourceType":"SearchParameter","id":"ror-sp-equipment-type","text":{"status":"generated","div":"<div xmlns=\"http://www.w3.org/1999/xhtml\"><p class=\"res-header-id\"><b>Narratif généré : ParamètreRecherche ror-sp-equipment-type</b></p><a name=\"ror-sp-equipment-type\"> </a><a name=\"hcror-sp-equipment-type\"> </a><h2>RORSPEquipmentType</h2><p>Paramètre <code>equipment-type</code>:<code>token</code></p><div><p>Paramètre de recherche pour récupérer le type d'un équipement.</p>\n</div><table class=\"grid\"><tr><td>Ressource</td><td><a href=\"http://hl7.org/fhir/R4/location.html\">Location</a></td></tr><tr><td>Expression</td><td><code>Location.extension.where(url='https://interop.esante.gouv.fr/ig/fhir/ror/StructureDefinition/ror-location-equipment').extension.where(url='equipmentType').value.as(CodeableConcept)</code></td></tr><tr><td>Multiples</td><td><ul><li>multipleAnd: It's up to the server whether the parameter may repeat in order to specify multiple values that must all be true</li><li>multipleOr: It's up to the server whether the parameter can have multiple values (separated by comma) where at least one must be true</li></ul></td></tr></table></div>"},"url":"https://interop.esante.gouv.fr/ig/fhir/ror/SearchParameter/ror-sp-equipment-type","version":"0.6.0","name":"RORSPEquipmentType","status":"active","date":"2025-07-29T14:28:24+00:00","publisher":"ANS","contact":[{"name":"ANS","telecom":[{"system":"url","value":"https://esante.gouv.fr"}]}],"description":"Paramètre de recherche pour récupérer le type d'un équipement.","jurisdiction":[{"coding":[{"system":"urn:iso:std:iso:3166","code":"FR","display":"FRANCE"}]}],"code":"equipment-type","base":["Location"],"type":"token","expression":"Location.extension.where(url='https://interop.esante.gouv.fr/ig/fhir/ror/StructureDefinition/ror-location-equipment').extension.where(url='equipmentType').value.as(CodeableConcept)"}