{
  "resourceType" : "CodeSystem",
  "id" : "input-task-ror-codesystem",
  "meta" : {
    "profile" : ["http://hl7.org/fhir/StructureDefinition/shareablecodesystem"]
  },
  "text" : {
    "status" : "generated",
    "div" : "<div xmlns=\"http://www.w3.org/1999/xhtml\"><p class=\"res-header-id\"><b>Generated Narrative: CodeSystem input-task-ror-codesystem</b></p><a name=\"input-task-ror-codesystem\"> </a><a name=\"hcinput-task-ror-codesystem\"> </a><a name=\"input-task-ror-codesystem-fr-FR\"> </a><div style=\"display: inline-block; background-color: #d9e0e7; padding: 6px; margin: 4px; border: 1px solid #8da1b4; border-radius: 5px; line-height: 60%\"><p style=\"margin-bottom: 0px\"/><p style=\"margin-bottom: 0px\">Profil: <a href=\"http://hl7.org/fhir/R4/shareablecodesystem.html\">Shareable CodeSystem</a></p></div><p>This case-sensitive code system <code>https://interop.esante.gouv.fr/ig/fhir/ror/CodeSystem/input-task-ror-codesystem</code> defines the following codes:</p><table class=\"codes\"><tr><td style=\"white-space:nowrap\"><b>Code</b></td><td><b>Définition</b></td></tr><tr><td style=\"white-space:nowrap\">ruleErrorId<a name=\"input-task-ror-codesystem-ruleErrorId\"> </a></td><td>Identifiant de la règle à l'origine de l'anomalie</td></tr><tr><td style=\"white-space:nowrap\">errorValue<a name=\"input-task-ror-codesystem-errorValue\"> </a></td><td>donnée erronée</td></tr><tr><td style=\"white-space:nowrap\">proposedValue<a name=\"input-task-ror-codesystem-proposedValue\"> </a></td><td>nouvelle valeur proposée</td></tr><tr><td style=\"white-space:nowrap\">pathElementError<a name=\"input-task-ror-codesystem-pathElementError\"> </a></td><td>élément en erreur dans la ressource</td></tr><tr><td style=\"white-space:nowrap\">systemRequester<a name=\"input-task-ror-codesystem-systemRequester\"> </a></td><td>système déclarant l'anomalie</td></tr><tr><td style=\"white-space:nowrap\">identifierRequester<a name=\"input-task-ror-codesystem-identifierRequester\"> </a></td><td>Identifiant du déclarant de l'anomalie</td></tr></table></div>"
  },
  "url" : "https://interop.esante.gouv.fr/ig/fhir/ror/CodeSystem/input-task-ror-codesystem",
  "version" : "0.7.0-snapshot-1",
  "name" : "InputTaskRORCodeSystem",
  "status" : "draft",
  "experimental" : true,
  "date" : "2026-01-09T15:04:57+00:00",
  "publisher" : "ANS",
  "contact" : [{
    "name" : "ANS",
    "telecom" : [{
      "system" : "url",
      "value" : "https://esante.gouv.fr"
    }]
  }],
  "description" : "Code System pour la définition des éléments spécifiques de input dans ressource RORTask",
  "jurisdiction" : [{
    "coding" : [{
      "system" : "urn:iso:std:iso:3166",
      "code" : "FR",
      "display" : "FRANCE"
    }]
  }],
  "caseSensitive" : true,
  "compositional" : false,
  "content" : "complete",
  "count" : 6,
  "concept" : [{
    "code" : "ruleErrorId",
    "display" : "ruleErrorId",
    "definition" : "Identifiant de la règle à l'origine de l'anomalie"
  },
  {
    "code" : "errorValue",
    "display" : "errorValue",
    "definition" : "donnée erronée"
  },
  {
    "code" : "proposedValue",
    "display" : "proposedValue",
    "definition" : "nouvelle valeur proposée"
  },
  {
    "code" : "pathElementError",
    "display" : "pathElementError",
    "definition" : "élément en erreur dans la ressource"
  },
  {
    "code" : "systemRequester",
    "display" : "systemRequester",
    "definition" : "système déclarant l'anomalie"
  },
  {
    "code" : "identifierRequester",
    "display" : "identifierRequester",
    "definition" : "Identifiant du déclarant de l'anomalie"
  }]
}