<?xml version="1.0" encoding="UTF-8"?><SearchParameter xmlns="http://hl7.org/fhir"><id value="ror-sp-organization-period-end"/><text><status value="generated"/><div xmlns="http://www.w3.org/1999/xhtml"><p class="res-header-id"><b>Narratif généré : ParamètreRecherche ror-sp-organization-period-end</b></p><a name="ror-sp-organization-period-end"> </a><a name="hcror-sp-organization-period-end"> </a><h2>ROROrganizationPeriodEnd</h2><p>Paramètre <code>period-end</code>:<code>date</code></p><div><p>Paramètre de recherche décrivant la date de fermeture de l'entité géographique</p>
</div><table class="grid"><tr><td>Ressource</td><td><a href="http://hl7.org/fhir/R4/organization.html">Organization</a></td></tr><tr><td>Expression</td><td><code>Organization.extension.where(url='http://hl7.org/fhir/StructureDefinition/organization-period').value.as(Period).end</code></td></tr><tr><td>Multiples</td><td><ul><li>multipleAnd: It's up to the server whether the parameter may repeat in order to specify multiple values that must all be true</li><li>multipleOr: It's up to the server whether the parameter can have multiple values (separated by comma) where at least one must be true</li></ul></td></tr></table></div></text><url value="https://interop.esante.gouv.fr/ig/fhir/ror/SearchParameter/ror-sp-organization-period-end"/><version value="0.6.0"/><name value="ROROrganizationPeriodEnd"/><status value="active"/><date value="2025-07-16T13:11:18+00:00"/><publisher value="ANS"/><contact><name value="ANS"/><telecom><system value="url"/><value value="https://esante.gouv.fr"/></telecom></contact><description value="Paramètre de recherche décrivant la date de fermeture de l'entité géographique"/><jurisdiction><coding><system value="urn:iso:std:iso:3166"/><code value="FR"/><display value="FRANCE"/></coding></jurisdiction><code value="period-end"/><base value="Organization"/><type value="date"/><expression value="Organization.extension.where(url='http://hl7.org/fhir/StructureDefinition/organization-period').value.as(Period).end"/></SearchParameter>