<?xml version="1.0" encoding="UTF-8"?>

<SearchParameter xmlns="http://hl7.org/fhir">
  <id value="ror-sp-location-near-insee-code"/>
  <text>
    <status value="generated"/><div xmlns="http://www.w3.org/1999/xhtml"><p class="res-header-id"><b>Generated Narrative: SearchParameter ror-sp-location-near-insee-code</b></p><a name="ror-sp-location-near-insee-code"> </a><a name="hcror-sp-location-near-insee-code"> </a><a name="ror-sp-location-near-insee-code-fr-FR"> </a><h2>LocationNearINSEECode</h2><p>Paramètre <code>near-insee-code</code>:<code>special</code></p><div><p>Paramètre de recherche similaire au paramètre spécial &quot;near&quot;, à l'exception que celui-ci pointe sur l'adresse et non pas la position géographique</p>
</div><table class="grid"><tr><td>Ressource</td><td><a href="http://hl7.org/fhir/R4/location.html">Location</a></td></tr><tr><td>Expression</td><td><code>Location.address.extension.where(url='https://interop.esante.gouv.fr/ig/fhir/ror/structuredefinition/datatype/fr-address-insee-code').value.as(code)</code></td></tr><tr><td>Multiples</td><td><ul><li>multipleAnd: It's up to the server whether the parameter may repeat in order to specify multiple values that must all be true</li><li>multipleOr: It's up to the server whether the parameter can have multiple values (separated by comma) where at least one must be true</li></ul></td></tr></table></div>
  </text>
  <url value="https://interop.esante.gouv.fr/ig/fhir/ror/SearchParameter/ror-sp-location-near-insee-code"/>
  <version value="0.6.0"/>
  <name value="LocationNearINSEECode"/>
  <status value="active"/>
  <date value="2025-10-15T15:37:16+00:00"/>
  <publisher value="ANS"/>
  <contact>
    <name value="ANS"/>
    <telecom>
      <system value="url"/>
      <value value="https://esante.gouv.fr"/>
    </telecom>
  </contact>
  <description value="Paramètre de recherche similaire au paramètre spécial &quot;near&quot;, à l'exception que celui-ci pointe sur l'adresse et non pas la position géographique"/>
  <jurisdiction>
    <coding>
      <system value="urn:iso:std:iso:3166"/>
      <code value="FR"/>
      <display value="FRANCE"/>
    </coding>
  </jurisdiction>
  <code value="near-insee-code"/>
  <base value="Location"/>
  <type value="special"/>
  <expression value="Location.address.extension.where(url='https://interop.esante.gouv.fr/ig/fhir/ror/structuredefinition/datatype/fr-address-insee-code').value.as(code)"/>
</SearchParameter>