<?xml version="1.0" encoding="UTF-8"?><SearchParameter xmlns="http://hl7.org/fhir"><id value="ror-sp-organization-oi-name"/><text><status value="generated"/><div xmlns="http://www.w3.org/1999/xhtml"><p class="res-header-id"><b>Generated Narrative: SearchParameter ror-sp-organization-oi-name</b></p><a name="ror-sp-organization-oi-name"> </a><a name="hcror-sp-organization-oi-name"> </a><a name="ror-sp-organization-oi-name-fr-FR"> </a><h2>RORSPOrganizationOIName</h2><p>Parameter <code>oi-name</code>:<code>string</code></p><div><p>Paramètre de recherche sur le nom de l'organisation interne</p>
</div><table class="grid"><tr><td>Resource</td><td><a href="http://hl7.org/fhir/R4/organization.html">Organization</a></td></tr><tr><td>Expression</td><td><code>Organization.extension.where(url='https://interop.esante.gouv.fr/ig/fhir/ror/StructureDefinition/ror-organization-oi-name').value.as(string)</code></td></tr><tr><td>Multiples</td><td><ul><li>multipleAnd: It's up to the server whether the parameter may repeat in order to specify multiple values that must all be true</li><li>multipleOr: It's up to the server whether the parameter can have multiple values (separated by comma) where at least one must be true</li></ul></td></tr></table></div></text><url value="https://interop.esante.gouv.fr/ig/fhir/ror/SearchParameter/ror-sp-organization-oi-name"/><version value="0.5.0-snapshot-1"/><name value="RORSPOrganizationOIName"/><status value="active"/><date value="2025-02-12T16:30:58+00:00"/><publisher value="ANS"/><contact><name value="ANS"/><telecom><system value="url"/><value value="https://esante.gouv.fr"/></telecom></contact><description value="Paramètre de recherche sur le nom de l'organisation interne"/><jurisdiction><coding><system value="urn:iso:std:iso:3166"/><code value="FR"/><display value="FRANCE"/></coding></jurisdiction><code value="oi-name"/><base value="Organization"/><type value="string"/><expression value="Organization.extension.where(url='https://interop.esante.gouv.fr/ig/fhir/ror/StructureDefinition/ror-organization-oi-name').value.as(string)"/></SearchParameter>