<?xml version="1.0" encoding="UTF-8"?><ValueSet xmlns="http://hl7.org/fhir"><id value="ror-include-associated-data-vs"/><meta><profile value="http://hl7.org/fhir/StructureDefinition/shareablevalueset"/></meta><text><status value="generated"/><div xmlns="http://www.w3.org/1999/xhtml"><p class="res-header-id"><b>Generated Narrative: ValueSet ror-include-associated-data-vs</b></p><a name="ror-include-associated-data-vs"> </a><a name="hcror-include-associated-data-vs"> </a><a name="ror-include-associated-data-vs-fr-FR"> </a><div style="display: inline-block; background-color: #d9e0e7; padding: 6px; margin: 4px; border: 1px solid #8da1b4; border-radius: 5px; line-height: 60%"><p style="margin-bottom: 0px"/><p style="margin-bottom: 0px">Profil: <a href="http://hl7.org/fhir/R4/shareablevalueset.html">Shareable ValueSet</a></p></div><p>Ce jeu de valeur (ValueSet) inclut les codes selon les règles suivantes :</p><ul><li>Include tous les codes définis dans <a href="http://hl7.org/fhir/uv/bulkdata/STU2/CodeSystem-include-associated-data.html"><code>http://hl7.org/fhir/uv/bulkdata/CodeSystem/include-associated-data</code></a></li><li>Include tous les codes définis dans <a href="CodeSystem-ror-include-associated-data-code-system.html"><code>https://interop.esante.gouv.fr/ig/fhir/ror/CodeSystem/ror-include-associated-data-code-system</code></a></li></ul></div></text><url value="https://interop.esante.gouv.fr/ig/fhir/ror/ValueSet/ror-include-associated-data-vs"/><version value="0.7.0-snapshot-1"/><name value="RorIncludeAssociatedDataVS"/><title value="Value Set afin d'étendre le Value Set pour query parameter includeAssociatedData"/><status value="draft"/><experimental value="true"/><date value="2026-01-19T17:10:33+00:00"/><publisher value="ANS"/><contact><name value="ANS"/><telecom><system value="url"/><value value="https://esante.gouv.fr"/></telecom></contact><description value="Value Set pour étendre http://hl7.org/fhir/uv/bulkdata/ValueSet/include-associated-data et utiliser _[custom value] pour utiliser le query parameter includeAssociatedData"/><jurisdiction><coding><system value="urn:iso:std:iso:3166"/><code value="FR"/><display value="FRANCE"/></coding></jurisdiction><compose><include><system value="http://hl7.org/fhir/uv/bulkdata/CodeSystem/include-associated-data"/></include><include><system value="https://interop.esante.gouv.fr/ig/fhir/ror/CodeSystem/ror-include-associated-data-code-system"/></include></compose></ValueSet>