{"resourceType":"SearchParameter","id":"ror-sp-nb-capacity","text":{"status":"generated","div":"<div xmlns=\"http://www.w3.org/1999/xhtml\"><p class=\"res-header-id\"><b>Generated Narrative: SearchParameter ror-sp-nb-capacity</b></p><a name=\"ror-sp-nb-capacity\"> </a><a name=\"hcror-sp-nb-capacity\"> </a><a name=\"ror-sp-nb-capacity-fr-FR\"> </a><h2>RORSPNbCapacity</h2><p>Paramètre <code>nb-capacity</code>:<code>number</code></p><div><p>Paramètre de recherche pour récupérer le nombre de la capacité.</p>\n</div><table class=\"grid\"><tr><td>Ressource</td><td><a href=\"http://hl7.org/fhir/R4/location.html\">Location</a></td></tr><tr><td>Expression</td><td><code>Location.extension.where(url='https://interop.esante.gouv.fr/ig/fhir/ror/StructureDefinition/ror-location-supported-capacity').extension.where(url='nbCapacity').value.as(integer)</code></td></tr><tr><td>Multiples</td><td><ul><li>multipleAnd: It's up to the server whether the parameter may repeat in order to specify multiple values that must all be true</li><li>multipleOr: It's up to the server whether the parameter can have multiple values (separated by comma) where at least one must be true</li></ul></td></tr></table></div>"},"url":"https://interop.esante.gouv.fr/ig/fhir/ror/SearchParameter/ror-sp-nb-capacity","version":"0.5.0-snapshot-1","name":"RORSPNbCapacity","status":"active","date":"2025-03-06T16:53:07+00:00","publisher":"ANS","contact":[{"name":"ANS","telecom":[{"system":"url","value":"https://esante.gouv.fr"}]}],"description":"Paramètre de recherche pour récupérer le nombre de la capacité.","jurisdiction":[{"coding":[{"system":"urn:iso:std:iso:3166","code":"FR","display":"FRANCE"}]}],"code":"nb-capacity","base":["Location"],"type":"number","expression":"Location.extension.where(url='https://interop.esante.gouv.fr/ig/fhir/ror/StructureDefinition/ror-location-supported-capacity').extension.where(url='nbCapacity').value.as(integer)"}