{
  "resourceType" : "ValueSet",
  "id" : "4daed948-b169-4bc9-b436-03e00979ff59-186",
  "url" : "http://hl7.org/fhir/comparison/ValueSet/4daed948-b169-4bc9-b436-03e00979ff59-186",
  "name" : "IntersectionCodeRegionTerritorialDivisionRORValueSetAndCodeRegionTerritorialDivisionRORValueSet",
  "title" : "Intersection of Fusion des valuesets pour le code de la division territoriale And Fusion des valuesets pour le code de la division territoriale",
  "status" : "draft",
  "date" : "2024-09-18T16:35:08+00:00",
  "jurisdiction" : [{
    "coding" : [{
      "system" : "urn:iso:std:iso:3166",
      "code" : "FR",
      "display" : "FRANCE"
    }]
  }],
  "compose" : {
    "include" : [{
      "valueSet" : ["https://mos.esante.gouv.fr/NOS/JDV_J124-Commune/FHIR/JDV-J124-Commune"]
    },
    {
      "valueSet" : ["https://mos.esante.gouv.fr/NOS/JDV_J248-DepartementOM-ROR/FHIR/JDV-J248-DepartementOM-ROR"]
    },
    {
      "valueSet" : ["https://mos.esante.gouv.fr/NOS/JDV_J237-RegionOM-ROR/FHIR/JDV-J237-RegionOM-ROR"]
    },
    {
      "valueSet" : ["https://mos.esante.gouv.fr/NOS/JDV_J249-TerritoireSante-ROR/FHIR/JDV-J249-TerritoireSante-ROR"]
    },
    {
      "valueSet" : ["https://mos.esante.gouv.fr/NOS/JDV_J247-Pays-ROR/FHIR/JDV-J247-Pays-ROR"]
    }]
  }
}