<?xml version="1.0" encoding="UTF-8"?>

<SearchParameter xmlns="http://hl7.org/fhir">
  <id value="ror-sp-nb-capacity"/>
  <text>
    <status value="generated"/><div xmlns="http://www.w3.org/1999/xhtml"><p class="res-header-id"><b>Narratif généré : SearchParameter ror-sp-nb-capacity</b></p><a name="ror-sp-nb-capacity"> </a><a name="hcror-sp-nb-capacity"> </a><a name="ror-sp-nb-capacity-fr-FR"> </a><h2>RORSPNbCapacity</h2><p>Paramètre <code>nb-capacity</code>:<code>number</code></p><div><p>Paramètre de recherche pour récupérer le nombre de la capacité.</p>
</div><table class="grid"><tr><td>Ressource</td><td><a href="http://hl7.org/fhir/R4/location.html">Location</a></td></tr><tr><td>Expression</td><td><code>Location.extension.where(url='https://interop.esante.gouv.fr/ig/fhir/ror/StructureDefinition/ror-location-supported-capacity').extension.where(url='nbCapacity').value.as(integer)</code></td></tr><tr><td>Multiples</td><td><ul><li>multipleAnd: It's up to the server whether the parameter may repeat in order to specify multiple values that must all be true</li><li>multipleOr: It's up to the server whether the parameter can have multiple values (separated by comma) where at least one must be true</li></ul></td></tr></table></div>
  </text>
  <url value="https://interop.esante.gouv.fr/ig/fhir/ror/SearchParameter/ror-sp-nb-capacity"/>
  <version value="0.6.0"/>
  <name value="RORSPNbCapacity"/>
  <status value="active"/>
  <date value="2025-06-04T09:55:05+00:00"/>
  <publisher value="ANS"/>
  <contact>
    <name value="ANS"/>
    <telecom>
      <system value="url"/>
      <value value="https://esante.gouv.fr"/>
    </telecom>
  </contact>
  <description value="Paramètre de recherche pour récupérer le nombre de la capacité."/>
  <jurisdiction>
    <coding>
      <system value="urn:iso:std:iso:3166"/>
      <code value="FR"/>
      <display value="FRANCE"/>
    </coding>
  </jurisdiction>
  <code value="nb-capacity"/>
  <base value="Location"/>
  <type value="number"/>
  <expression value="Location.extension.where(url='https://interop.esante.gouv.fr/ig/fhir/ror/StructureDefinition/ror-location-supported-capacity').extension.where(url='nbCapacity').value.as(integer)"/>
</SearchParameter>