<?xml version="1.0" encoding="UTF-8"?>

<ValueSet xmlns="http://hl7.org/fhir">
  <id value="ror-usage-context-type-vs"/>
  <meta>
    <profile value="http://hl7.org/fhir/StructureDefinition/shareablevalueset"/>
  </meta>
  <text>
    <status value="generated"/><div xmlns="http://www.w3.org/1999/xhtml"><p class="res-header-id"><b>Narratif généré : EnsembleValeurs ror-usage-context-type-vs</b></p><a name="ror-usage-context-type-vs"> </a><a name="hcror-usage-context-type-vs"> </a><div style="display: inline-block; background-color: #d9e0e7; padding: 6px; margin: 4px; border: 1px solid #8da1b4; border-radius: 5px; line-height: 60%"><p style="margin-bottom: 0px"/><p style="margin-bottom: 0px">Profil: <a href="http://hl7.org/fhir/R4/shareablevalueset.html">Shareable ValueSet</a></p></div><p>Ce jeu de valeur (ValueSet) inclut les codes selon les règles suivantes :</p><ul><li>Inclut tous les codes définis dans <a href="http://terminology.hl7.org/6.5.0/CodeSystem-usage-context-type.html"><code>http://terminology.hl7.org/CodeSystem/usage-context-type</code></a></li><li>Inclut tous les codes définis dans <a href="CodeSystem-usage-context-ror-codesystem.html"><code>https://interop.esante.gouv.fr/ig/fhir/ror/CodeSystem/usage-context-ror-codesystem</code></a></li><li>Inclut les codes sont définis dans <code>https://mos.esante.gouv.fr/NOS/TRE_R67-TypeStructure-EJ-EG/FHIR/TRE-R67-TypeStructure-EJ-EG</code><table class="none"><tr><td style="white-space:nowrap"><b>Code</b></td><td><b>Display</b></td></tr><tr><td>EG</td><td style="color: #cccccc">Etablissement géographique</td></tr></table></li><li>Inclut les codes sont définis dans <code>https://mos.esante.gouv.fr/NOS/TRE_R04-TypeSavoirFaire/FHIR/TRE-R04-TypeSavoirFaire</code><table class="none"><tr><td style="white-space:nowrap"><b>Code</b></td><td><b>Display</b></td></tr><tr><td>S</td><td style="color: #cccccc">Spécialité ordinale</td></tr></table></li><li>Inclut les codes sont définis dans <code>https://mos.esante.gouv.fr/NOS/TRE_R288-TypeProfession/FHIR/TRE-R288-TypeProfession</code><table class="none"><tr><td style="white-space:nowrap"><b>Code</b></td><td><b>Display</b></td></tr><tr><td>P01</td><td style="color: #cccccc">Professionnel de santé</td></tr></table></li></ul></div>
  </text>
  <url value="https://interop.esante.gouv.fr/ig/fhir/ror/ValueSet/ror-usage-context-type-vs"/>
  <version value="0.6.0"/>
  <name value="RORUsageContextTypeVS"/>
  <title value="Value Set type pour le contexte d'usage de la fiche de saisie"/>
  <status value="draft"/>
  <experimental value="true"/>
  <date value="2025-07-29T14:46:28+00:00"/>
  <publisher value="ANS"/>
  <contact>
    <name value="ANS"/>
    <telecom>
      <system value="url"/>
      <value value="https://esante.gouv.fr"/>
    </telecom>
  </contact>
  <description value="Extension du Value Set http://hl7.org/fhir/ValueSet/usage-context-type pour fixer le type de contexte d'usage de la fiche de saisie avec le code EG ou le S pour Spécialité ordinale ou P01 pour le type de profession"/>
  <jurisdiction>
    <coding>
      <system value="urn:iso:std:iso:3166"/>
      <code value="FR"/>
      <display value="FRANCE"/>
    </coding>
  </jurisdiction>
  <compose>
    <include>
      <system value="http://terminology.hl7.org/CodeSystem/usage-context-type"/>
    </include>
    <include>
      <system value="https://interop.esante.gouv.fr/ig/fhir/ror/CodeSystem/usage-context-ror-codesystem"/>
    </include>
    <include>
      <system value="https://mos.esante.gouv.fr/NOS/TRE_R67-TypeStructure-EJ-EG/FHIR/TRE-R67-TypeStructure-EJ-EG"/>
      <concept>
        <code value="EG"/>
      </concept>
    </include>
    <include>
      <system value="https://mos.esante.gouv.fr/NOS/TRE_R04-TypeSavoirFaire/FHIR/TRE-R04-TypeSavoirFaire"/>
      <concept>
        <code value="S"/>
      </concept>
    </include>
    <include>
      <system value="https://mos.esante.gouv.fr/NOS/TRE_R288-TypeProfession/FHIR/TRE-R288-TypeProfession"/>
      <concept>
        <code value="P01"/>
      </concept>
    </include>
  </compose>
</ValueSet>