<?xml version="1.0" encoding="UTF-8"?>

<Bundle xmlns="http://hl7.org/fhir">
  <id value="c2230cbc-3671-4f4b-984a-bdc55f87bc21"/>
  <meta>
    <lastUpdated value="2024-03-28T17:14:17.936+00:00"/>
  </meta>
  <type value="collection"/>
  <entry>
    <fullUrl value="https://interop.esante.gouv.fr/ig/fhir/ror/ValueSet/act-type-ror-valueset"/>
    <resource>
      <ValueSet>
        <text>
          <status value="generated"/>
          <div xmlns="http://www.w3.org/1999/xhtml">
            <p style="border: black 1px dotted; background-color: #EEEEEE; padding: 8px; margin-bottom: 8px">Expansion based on 
              <a href="CodeSystem-act-type-ror-codesystem.html">codesystem ActTypeRORCodeSystem v0.4.0-ballot-1 (CodeSystem)</a>
            </p>
            <p>This value set contains 2 concepts.</p>
            <table class="codes">
              <tr>
                <td style="white-space:nowrap">
                  <b>Code</b>
                </td>
                <td>
                  <b>System</b>
                </td>
                <td>
                  <b>Display</b>
                </td>
                <td>
                  <b>Definition</b>
                </td>
              </tr>
              <tr>
                <td style="white-space:nowrap">
                  <a name="https---interop.esante.gouv.fr-ig-fhir-ror-CodeSystem-act-type-ror-codesystem-specificAct"> </a>  
                  <a href="CodeSystem-act-type-ror-codesystem.html#act-type-ror-codesystem-specificAct">specificAct</a>
                </td>
                <td>https://interop.esante.gouv.fr/ig/fhir/ror/CodeSystem/act-type-ror-codesystem</td>
                <td>specificAct</td>
                <td>
                  <div>
                    <p>Acte spécifique</p>

                  </div>
                </td>
              </tr>
              <tr>
                <td style="white-space:nowrap">
                  <a name="https---interop.esante.gouv.fr-ig-fhir-ror-CodeSystem-act-type-ror-codesystem-outsideOfficeAct"> </a>  
                  <a href="CodeSystem-act-type-ror-codesystem.html#act-type-ror-codesystem-outsideOfficeAct">outsideOfficeAct</a>
                </td>
                <td>https://interop.esante.gouv.fr/ig/fhir/ror/CodeSystem/act-type-ror-codesystem</td>
                <td>outsideOfficeAct</td>
                <td>
                  <div>
                    <p>Acte hors cabinet</p>

                  </div>
                </td>
              </tr>
            </table>
          </div>
        </text>
        <url value="https://interop.esante.gouv.fr/ig/fhir/ror/ValueSet/act-type-ror-valueset"/>
        <version value="0.4.0-ballot-1"/>
        <name value="ActTypeRORValueSet"/>
        <title value="Valueset type d'acte"/>
        <status value="active"/>
        <date value="2024-03-28T17:14:17+00:00"/>
        <jurisdiction>
          <coding>
            <system value="urn:iso:std:iso:3166"/>
            <code value="FR"/>
            <display value="FRANCE"/>
          </coding>
        </jurisdiction>
        <expansion>
          <identifier value="urn:uuid:35194163-2919-449b-8964-c36cb7c71e65"/>
          <timestamp value="2024-03-28T17:15:21+00:00"/>
          <total value="2"/>
          <offset value="0"/>
          <parameter>
            <name value="count"/>
            <valueInteger value="1000"/>
          </parameter>
          <parameter>
            <name value="offset"/>
            <valueInteger value="0"/>
          </parameter>
          <parameter>
            <name value="excludeNested"/>
            <valueBoolean value="false"/>
          </parameter>
          <parameter>
            <name value="used-codesystem"/>
            <valueUri value="https://interop.esante.gouv.fr/ig/fhir/ror/CodeSystem/act-type-ror-codesystem|0.4.0-ballot-1"/>
          </parameter>
          <contains>
            <system value="https://interop.esante.gouv.fr/ig/fhir/ror/CodeSystem/act-type-ror-codesystem"/>
            <code value="specificAct"/>
            <display value="specificAct"/>
          </contains>
          <contains>
            <system value="https://interop.esante.gouv.fr/ig/fhir/ror/CodeSystem/act-type-ror-codesystem"/>
            <code value="outsideOfficeAct"/>
            <display value="outsideOfficeAct"/>
          </contains>
        </expansion>
      </ValueSet>
    </resource>
  </entry>
  <entry>
    <fullUrl value="https://interop.esante.gouv.fr/ig/fhir/ror/ValueSet/ror-include-associated-data-vs"/>
    <resource>
      <ValueSet>
        <text>
          <status value="generated"/>
          <div xmlns="http://www.w3.org/1999/xhtml">
            <div style="border: black 1px dotted; background-color: #EEEEEE; padding: 8px; margin-bottom: 8px">
              <p>Expansion based on: </p>
              <ul>
                <li>
                  <a href="http://hl7.org/fhir/uv/bulkdata/STU2/CodeSystem-include-associated-data.html">codesystem Include Associated Data Code System v2.0.0 (CodeSystem)</a>
                </li>
                <li>
                  <a href="CodeSystem-ror-include-associated-data-code-system.html">codesystem Code System (CS) utilisé pour étendre le CS original avec le query parameter includeAssociatedData v0.4.0-ballot-1 (CodeSystem)</a>
                </li>
              </ul>
            </div>
            <p>This value set contains 3 concepts.</p>
            <table class="codes">
              <tr>
                <td style="white-space:nowrap">
                  <b>Code</b>
                </td>
                <td>
                  <b>System</b>
                </td>
                <td>
                  <b>Display</b>
                </td>
                <td>
                  <b>Definition</b>
                </td>
              </tr>
              <tr>
                <td style="white-space:nowrap">
                  <a name="http---hl7.org-fhir-uv-bulkdata-CodeSystem-include-associated-data-LatestProvenanceResources"> </a>  
                  <a href="http://hl7.org/fhir/uv/bulkdata/STU2/CodeSystem-include-associated-data.html#include-associated-data-LatestProvenanceResources">LatestProvenanceResources</a>
                </td>
                <td>http://hl7.org/fhir/uv/bulkdata/CodeSystem/include-associated-data</td>
                <td>LatestProvenanceResources</td>
                <td>
                  <div>
                    <p>Export will include the most recent Provenance resources associated with each of the non-provenance resources being returned. Other Provenance resources will not be returned.</p>

                  </div>
                </td>
              </tr>
              <tr>
                <td style="white-space:nowrap">
                  <a name="http---hl7.org-fhir-uv-bulkdata-CodeSystem-include-associated-data-RelevantProvenanceResources"> </a>  
                  <a href="http://hl7.org/fhir/uv/bulkdata/STU2/CodeSystem-include-associated-data.html#include-associated-data-RelevantProvenanceResources">RelevantProvenanceResources</a>
                </td>
                <td>http://hl7.org/fhir/uv/bulkdata/CodeSystem/include-associated-data</td>
                <td>RelevantProvenanceResources</td>
                <td>
                  <div>
                    <p>Export will include all Provenance resources associated with each of the non-provenance resources being returned.</p>

                  </div>
                </td>
              </tr>
              <tr>
                <td style="white-space:nowrap">
                  <a name="https---interop.esante.gouv.fr-ig-fhir-ror-CodeSystem-ror-include-associated-data-code-system--myCompleteExtract"> </a>  
                  <a href="CodeSystem-ror-include-associated-data-code-system.html#ror-include-associated-data-code-system-_myCompleteExtract">_myCompleteExtract</a>
                </td>
                <td>https://interop.esante.gouv.fr/ig/fhir/ror/CodeSystem/ror-include-associated-data-code-system</td>
                <td>Extraction complète</td>
                <td>
                  <div>
                    <p>Valeur personnalisée pour  le query parameter includeAssociatedData de l'opération export, afin d'inclure toutes les ressources liées à la ressource identifiée dans _type.</p>

                  </div>
                </td>
              </tr>
            </table>
          </div>
        </text>
        <url value="https://interop.esante.gouv.fr/ig/fhir/ror/ValueSet/ror-include-associated-data-vs"/>
        <version value="0.4.0-ballot-1"/>
        <name value="RorIncludeAssociatedDataVS"/>
        <title value="Value Set afin d'étendre le Value Set pour query parameter includeAssociatedData"/>
        <status value="active"/>
        <date value="2024-03-28T17:14:17+00:00"/>
        <jurisdiction>
          <coding>
            <system value="urn:iso:std:iso:3166"/>
            <code value="FR"/>
            <display value="FRANCE"/>
          </coding>
        </jurisdiction>
        <expansion>
          <identifier value="urn:uuid:3903ed3f-3e6b-4937-ae3a-9016466cd419"/>
          <timestamp value="2024-03-28T17:15:21+00:00"/>
          <total value="3"/>
          <offset value="0"/>
          <parameter>
            <name value="count"/>
            <valueInteger value="1000"/>
          </parameter>
          <parameter>
            <name value="offset"/>
            <valueInteger value="0"/>
          </parameter>
          <parameter>
            <name value="excludeNested"/>
            <valueBoolean value="false"/>
          </parameter>
          <parameter>
            <name value="used-codesystem"/>
            <valueUri value="http://hl7.org/fhir/uv/bulkdata/CodeSystem/include-associated-data|2.0.0"/>
          </parameter>
          <parameter>
            <name value="used-codesystem"/>
            <valueUri value="https://interop.esante.gouv.fr/ig/fhir/ror/CodeSystem/ror-include-associated-data-code-system|0.4.0-ballot-1"/>
          </parameter>
          <contains>
            <system value="http://hl7.org/fhir/uv/bulkdata/CodeSystem/include-associated-data"/>
            <code value="LatestProvenanceResources"/>
            <display value="LatestProvenanceResources"/>
          </contains>
          <contains>
            <system value="http://hl7.org/fhir/uv/bulkdata/CodeSystem/include-associated-data"/>
            <code value="RelevantProvenanceResources"/>
            <display value="RelevantProvenanceResources"/>
          </contains>
          <contains>
            <system value="https://interop.esante.gouv.fr/ig/fhir/ror/CodeSystem/ror-include-associated-data-code-system"/>
            <code value="_myCompleteExtract"/>
            <display value="Extraction complète"/>
          </contains>
        </expansion>
      </ValueSet>
    </resource>
  </entry>
</Bundle>