<?xml version="1.0" encoding="UTF-8"?>

<ImplementationGuide xmlns="http://hl7.org/fhir">
  <id value="ans.fhir.fr.ror"/>
  <text>
    <status value="generated"/><div xmlns="http://www.w3.org/1999/xhtml"><p class="res-header-id"><b>Generated Narrative: ImplementationGuide ans.fhir.fr.ror</b></p><a name="ans.fhir.fr.ror"> </a><a name="hcans.fhir.fr.ror"> </a><a name="ans.fhir.fr.ror-fr-FR"> </a><h2>ROR</h2><p>LURL officielle pour ce guide dimplémentation est : </p><pre>https://interop.esante.gouv.fr/ig/fhir/ror/ImplementationGuide/ans.fhir.fr.ror</pre><div><p>Ressources de conformité basées sur le modèle d'exposition 3.1 du ROR</p>
</div></div>
  </text>
  <url value="https://interop.esante.gouv.fr/ig/fhir/ror/ImplementationGuide/ans.fhir.fr.ror"/>
  <version value="0.7.0-snapshot-1"/>
  <name value="ROR"/>
  <title value="Répertoire national de l’Offre et des Ressources en santé et accompagnement médico-social"/>
  <status value="draft"/>
  <date value="2026-01-05T09:58:39+00:00"/>
  <publisher value="ANS"/>
  <contact>
    <name value="ANS"/>
    <telecom>
      <system value="url"/>
      <value value="https://esante.gouv.fr"/>
    </telecom>
  </contact>
  <description value="Ressources de conformité basées sur le modèle d'exposition 3.1 du ROR"/>
  <jurisdiction>
    <coding>
      <system value="urn:iso:std:iso:3166"/>
      <code value="FR"/>
      <display value="FRANCE"/>
    </coding>
  </jurisdiction>
  <packageId value="ans.fhir.fr.ror"/>
  <license value="CC0-1.0"/>
  <fhirVersion value="4.0.1"/>
  <dependsOn id="hl7tx">
    <extension url="http://hl7.org/fhir/tools/StructureDefinition/implementationguide-dependency-comment">
      <valueMarkdown value="Automatically added as a dependency - all IGs depend on HL7 Terminology"/>
    </extension>
    <uri value="http://terminology.hl7.org/ImplementationGuide/hl7.terminology"/>
    <packageId value="hl7.terminology.r4"/>
    <version value="7.0.1"/>
  </dependsOn>
  <dependsOn id="ans_annuaire_fhir_r4">
    <uri value="http://fhir.org/packages/ans.annuaire.fhir.r4/ImplementationGuide/ans.annuaire.fhir.r4"/>
    <packageId value="ans.annuaire.fhir.r4"/>
    <version value="0.2.0"/>
  </dependsOn>
  <dependsOn id="hl7_fhir_fr_core">
    <uri value="http://fhir.org/packages/hl7.fhir.fr.core/ImplementationGuide/hl7.fhir.fr.core"/>
    <packageId value="hl7.fhir.fr.core"/>
    <version value="1.1.0"/>
  </dependsOn>
  <dependsOn id="hl7_fhir_uv_bulkdata">
    <uri value="http://hl7.org/fhir/uv/bulkdata/ImplementationGuide/hl7.fhir.uv.bulkdata"/>
    <packageId value="hl7.fhir.uv.bulkdata"/>
    <version value="2.0.0"/>
  </dependsOn>
  <dependsOn id="hl7_fhir_uv_extensions_r4">
    <uri value="http://hl7.org/fhir/extensions/ImplementationGuide/hl7.fhir.uv.extensions"/>
    <packageId value="hl7.fhir.uv.extensions.r4"/>
    <version value="5.2.0"/>
  </dependsOn>
  <definition>
    <extension url="http://hl7.org/fhir/tools/StructureDefinition/ig-parameter">
      <extension url="code">
        <valueString value="copyrightyear"/>
      </extension>
      <extension url="value">
        <valueString value="2020+"/>
      </extension>
    </extension>
    <extension url="http://hl7.org/fhir/tools/StructureDefinition/ig-parameter">
      <extension url="code">
        <valueString value="releaselabel"/>
      </extension>
      <extension url="value">
        <valueString value="preview"/>
      </extension>
    </extension>
    <extension url="http://hl7.org/fhir/tools/StructureDefinition/ig-parameter">
      <extension url="code">
        <valueString value="shownav"/>
      </extension>
      <extension url="value">
        <valueString value="true"/>
      </extension>
    </extension>
    <extension url="http://hl7.org/fhir/tools/StructureDefinition/ig-parameter">
      <extension url="code">
        <valueString value="autoload-resources"/>
      </extension>
      <extension url="value">
        <valueString value="true"/>
      </extension>
    </extension>
    <extension url="http://hl7.org/fhir/tools/StructureDefinition/ig-parameter">
      <extension url="code">
        <valueString value="path-liquid"/>
      </extension>
      <extension url="value">
        <valueString value="template/liquid"/>
      </extension>
    </extension>
    <extension url="http://hl7.org/fhir/tools/StructureDefinition/ig-parameter">
      <extension url="code">
        <valueString value="path-liquid"/>
      </extension>
      <extension url="value">
        <valueString value="input/liquid"/>
      </extension>
    </extension>
    <extension url="http://hl7.org/fhir/tools/StructureDefinition/ig-parameter">
      <extension url="code">
        <valueString value="path-qa"/>
      </extension>
      <extension url="value">
        <valueString value="temp/qa"/>
      </extension>
    </extension>
    <extension url="http://hl7.org/fhir/tools/StructureDefinition/ig-parameter">
      <extension url="code">
        <valueString value="path-temp"/>
      </extension>
      <extension url="value">
        <valueString value="temp/pages"/>
      </extension>
    </extension>
    <extension url="http://hl7.org/fhir/tools/StructureDefinition/ig-parameter">
      <extension url="code">
        <valueString value="path-output"/>
      </extension>
      <extension url="value">
        <valueString value="output"/>
      </extension>
    </extension>
    <extension url="http://hl7.org/fhir/tools/StructureDefinition/ig-parameter">
      <extension url="code">
        <valueString value="path-suppressed-warnings"/>
      </extension>
      <extension url="value">
        <valueString value="input/ignoreWarnings.txt"/>
      </extension>
    </extension>
    <extension url="http://hl7.org/fhir/tools/StructureDefinition/ig-parameter">
      <extension url="code">
        <valueString value="path-history"/>
      </extension>
      <extension url="value">
        <valueString value="https://interop.esante.gouv.fr/ig/fhir/ror/history.html"/>
      </extension>
    </extension>
    <extension url="http://hl7.org/fhir/tools/StructureDefinition/ig-parameter">
      <extension url="code">
        <valueString value="template-html"/>
      </extension>
      <extension url="value">
        <valueString value="template-page.html"/>
      </extension>
    </extension>
    <extension url="http://hl7.org/fhir/tools/StructureDefinition/ig-parameter">
      <extension url="code">
        <valueString value="template-md"/>
      </extension>
      <extension url="value">
        <valueString value="template-page-md.html"/>
      </extension>
    </extension>
    <extension url="http://hl7.org/fhir/tools/StructureDefinition/ig-parameter">
      <extension url="code">
        <valueString value="apply-contact"/>
      </extension>
      <extension url="value">
        <valueString value="true"/>
      </extension>
    </extension>
    <extension url="http://hl7.org/fhir/tools/StructureDefinition/ig-parameter">
      <extension url="code">
        <valueString value="apply-context"/>
      </extension>
      <extension url="value">
        <valueString value="true"/>
      </extension>
    </extension>
    <extension url="http://hl7.org/fhir/tools/StructureDefinition/ig-parameter">
      <extension url="code">
        <valueString value="apply-copyright"/>
      </extension>
      <extension url="value">
        <valueString value="true"/>
      </extension>
    </extension>
    <extension url="http://hl7.org/fhir/tools/StructureDefinition/ig-parameter">
      <extension url="code">
        <valueString value="apply-jurisdiction"/>
      </extension>
      <extension url="value">
        <valueString value="true"/>
      </extension>
    </extension>
    <extension url="http://hl7.org/fhir/tools/StructureDefinition/ig-parameter">
      <extension url="code">
        <valueString value="apply-license"/>
      </extension>
      <extension url="value">
        <valueString value="true"/>
      </extension>
    </extension>
    <extension url="http://hl7.org/fhir/tools/StructureDefinition/ig-parameter">
      <extension url="code">
        <valueString value="apply-publisher"/>
      </extension>
      <extension url="value">
        <valueString value="true"/>
      </extension>
    </extension>
    <extension url="http://hl7.org/fhir/tools/StructureDefinition/ig-parameter">
      <extension url="code">
        <valueString value="apply-version"/>
      </extension>
      <extension url="value">
        <valueString value="true"/>
      </extension>
    </extension>
    <extension url="http://hl7.org/fhir/tools/StructureDefinition/ig-parameter">
      <extension url="code">
        <valueString value="apply-wg"/>
      </extension>
      <extension url="value">
        <valueString value="true"/>
      </extension>
    </extension>
    <extension url="http://hl7.org/fhir/tools/StructureDefinition/ig-parameter">
      <extension url="code">
        <valueString value="active-tables"/>
      </extension>
      <extension url="value">
        <valueString value="true"/>
      </extension>
    </extension>
    <extension url="http://hl7.org/fhir/tools/StructureDefinition/ig-parameter">
      <extension url="code">
        <valueString value="fmm-definition"/>
      </extension>
      <extension url="value">
        <valueString value="http://hl7.org/fhir/versions.html#maturity"/>
      </extension>
    </extension>
    <extension url="http://hl7.org/fhir/tools/StructureDefinition/ig-parameter">
      <extension url="code">
        <valueString value="propagate-status"/>
      </extension>
      <extension url="value">
        <valueString value="true"/>
      </extension>
    </extension>
    <extension url="http://hl7.org/fhir/tools/StructureDefinition/ig-parameter">
      <extension url="code">
        <valueString value="excludelogbinaryformat"/>
      </extension>
      <extension url="value">
        <valueString value="true"/>
      </extension>
    </extension>
    <extension url="http://hl7.org/fhir/tools/StructureDefinition/ig-parameter">
      <extension url="code">
        <valueString value="tabbed-snapshots"/>
      </extension>
      <extension url="value">
        <valueString value="true"/>
      </extension>
    </extension>
    <extension url="http://hl7.org/fhir/tools/StructureDefinition/ig-internal-dependency">
      <valueCode value="hl7.fhir.uv.tools.r4#0.4.1"/>
    </extension>
    <extension url="http://hl7.org/fhir/tools/StructureDefinition/ig-parameter">
      <extension url="code">
        <valueCode value="copyrightyear"/>
      </extension>
      <extension url="value">
        <valueString value="2020+"/>
      </extension>
    </extension>
    <extension url="http://hl7.org/fhir/tools/StructureDefinition/ig-parameter">
      <extension url="code">
        <valueCode value="releaselabel"/>
      </extension>
      <extension url="value">
        <valueString value="preview"/>
      </extension>
    </extension>
    <extension url="http://hl7.org/fhir/tools/StructureDefinition/ig-parameter">
      <extension url="code">
        <valueCode value="shownav"/>
      </extension>
      <extension url="value">
        <valueString value="true"/>
      </extension>
    </extension>
    <extension url="http://hl7.org/fhir/tools/StructureDefinition/ig-parameter">
      <extension url="code">
        <valueCode value="autoload-resources"/>
      </extension>
      <extension url="value">
        <valueString value="true"/>
      </extension>
    </extension>
    <extension url="http://hl7.org/fhir/tools/StructureDefinition/ig-parameter">
      <extension url="code">
        <valueCode value="path-liquid"/>
      </extension>
      <extension url="value">
        <valueString value="template/liquid"/>
      </extension>
    </extension>
    <extension url="http://hl7.org/fhir/tools/StructureDefinition/ig-parameter">
      <extension url="code">
        <valueCode value="path-liquid"/>
      </extension>
      <extension url="value">
        <valueString value="input/liquid"/>
      </extension>
    </extension>
    <extension url="http://hl7.org/fhir/tools/StructureDefinition/ig-parameter">
      <extension url="code">
        <valueCode value="path-qa"/>
      </extension>
      <extension url="value">
        <valueString value="temp/qa"/>
      </extension>
    </extension>
    <extension url="http://hl7.org/fhir/tools/StructureDefinition/ig-parameter">
      <extension url="code">
        <valueCode value="path-temp"/>
      </extension>
      <extension url="value">
        <valueString value="temp/pages"/>
      </extension>
    </extension>
    <extension url="http://hl7.org/fhir/tools/StructureDefinition/ig-parameter">
      <extension url="code">
        <valueCode value="path-output"/>
      </extension>
      <extension url="value">
        <valueString value="output"/>
      </extension>
    </extension>
    <extension url="http://hl7.org/fhir/tools/StructureDefinition/ig-parameter">
      <extension url="code">
        <valueCode value="path-suppressed-warnings"/>
      </extension>
      <extension url="value">
        <valueString value="input/ignoreWarnings.txt"/>
      </extension>
    </extension>
    <extension url="http://hl7.org/fhir/tools/StructureDefinition/ig-parameter">
      <extension url="code">
        <valueCode value="path-history"/>
      </extension>
      <extension url="value">
        <valueString value="https://interop.esante.gouv.fr/ig/fhir/ror/history.html"/>
      </extension>
    </extension>
    <extension url="http://hl7.org/fhir/tools/StructureDefinition/ig-parameter">
      <extension url="code">
        <valueCode value="template-html"/>
      </extension>
      <extension url="value">
        <valueString value="template-page.html"/>
      </extension>
    </extension>
    <extension url="http://hl7.org/fhir/tools/StructureDefinition/ig-parameter">
      <extension url="code">
        <valueCode value="template-md"/>
      </extension>
      <extension url="value">
        <valueString value="template-page-md.html"/>
      </extension>
    </extension>
    <extension url="http://hl7.org/fhir/tools/StructureDefinition/ig-parameter">
      <extension url="code">
        <valueCode value="apply-contact"/>
      </extension>
      <extension url="value">
        <valueString value="true"/>
      </extension>
    </extension>
    <extension url="http://hl7.org/fhir/tools/StructureDefinition/ig-parameter">
      <extension url="code">
        <valueCode value="apply-context"/>
      </extension>
      <extension url="value">
        <valueString value="true"/>
      </extension>
    </extension>
    <extension url="http://hl7.org/fhir/tools/StructureDefinition/ig-parameter">
      <extension url="code">
        <valueCode value="apply-copyright"/>
      </extension>
      <extension url="value">
        <valueString value="true"/>
      </extension>
    </extension>
    <extension url="http://hl7.org/fhir/tools/StructureDefinition/ig-parameter">
      <extension url="code">
        <valueCode value="apply-jurisdiction"/>
      </extension>
      <extension url="value">
        <valueString value="true"/>
      </extension>
    </extension>
    <extension url="http://hl7.org/fhir/tools/StructureDefinition/ig-parameter">
      <extension url="code">
        <valueCode value="apply-license"/>
      </extension>
      <extension url="value">
        <valueString value="true"/>
      </extension>
    </extension>
    <extension url="http://hl7.org/fhir/tools/StructureDefinition/ig-parameter">
      <extension url="code">
        <valueCode value="apply-publisher"/>
      </extension>
      <extension url="value">
        <valueString value="true"/>
      </extension>
    </extension>
    <extension url="http://hl7.org/fhir/tools/StructureDefinition/ig-parameter">
      <extension url="code">
        <valueCode value="apply-version"/>
      </extension>
      <extension url="value">
        <valueString value="true"/>
      </extension>
    </extension>
    <extension url="http://hl7.org/fhir/tools/StructureDefinition/ig-parameter">
      <extension url="code">
        <valueCode value="apply-wg"/>
      </extension>
      <extension url="value">
        <valueString value="true"/>
      </extension>
    </extension>
    <extension url="http://hl7.org/fhir/tools/StructureDefinition/ig-parameter">
      <extension url="code">
        <valueCode value="active-tables"/>
      </extension>
      <extension url="value">
        <valueString value="true"/>
      </extension>
    </extension>
    <extension url="http://hl7.org/fhir/tools/StructureDefinition/ig-parameter">
      <extension url="code">
        <valueCode value="fmm-definition"/>
      </extension>
      <extension url="value">
        <valueString value="http://hl7.org/fhir/versions.html#maturity"/>
      </extension>
    </extension>
    <extension url="http://hl7.org/fhir/tools/StructureDefinition/ig-parameter">
      <extension url="code">
        <valueCode value="propagate-status"/>
      </extension>
      <extension url="value">
        <valueString value="true"/>
      </extension>
    </extension>
    <extension url="http://hl7.org/fhir/tools/StructureDefinition/ig-parameter">
      <extension url="code">
        <valueCode value="excludelogbinaryformat"/>
      </extension>
      <extension url="value">
        <valueString value="true"/>
      </extension>
    </extension>
    <extension url="http://hl7.org/fhir/tools/StructureDefinition/ig-parameter">
      <extension url="code">
        <valueCode value="tabbed-snapshots"/>
      </extension>
      <extension url="value">
        <valueString value="true"/>
      </extension>
    </extension>
    <resource>
      <extension url="http://hl7.org/fhir/tools/StructureDefinition/resource-information">
        <valueString value="CodeSystem"/>
      </extension>
      <reference>
        <reference value="CodeSystem/act-type-ror-codesystem"/>
      </reference>
      <name value="ActTypeRORCodeSystem"/>
      <description value="CodeSystem pour le type d'acte pour les slices de characteristic concernant les actes dans la ressource ROR HealthcareService"/>
      <exampleBoolean value="false"/>
    </resource>
    <resource>
      <extension url="http://hl7.org/fhir/tools/StructureDefinition/resource-information">
        <valueString value="StructureDefinition:extension"/>
      </extension>
      <reference>
        <reference value="StructureDefinition/as-ext-lieu-dit"/>
      </reference>
      <name value="AsLieuDit"/>
      <description value="Extension créée dans le cadre du ROR pour indiquer le lieu dit"/>
      <exampleBoolean value="false"/>
    </resource>
    <resource>
      <extension url="http://hl7.org/fhir/tools/StructureDefinition/resource-information">
        <valueString value="CodeSystem"/>
      </extension>
      <reference>
        <reference value="CodeSystem/ror-include-associated-data-code-system"/>
      </reference>
      <name value="Code System (CS) utilisé pour étendre le CS original avec le query parameter includeAssociatedData"/>
      <description value="Code system pour étendre https://hl7.org/fhir/uv/bulkdata/CodeSystem-include-associated-data.html pour ajouter l'opération export pour le ROR"/>
      <exampleBoolean value="false"/>
    </resource>
    <resource>
      <extension url="http://hl7.org/fhir/tools/StructureDefinition/resource-information">
        <valueString value="Questionnaire"/>
      </extension>
      <reference>
        <reference value="Questionnaire/ror-questionnaire-offre-de-ville"/>
      </reference>
      <name value="Consignes fiche de saisie Cabinet de ville de médecine générale"/>
      <description value="Exemple 'fake' pour RORQuestionnaire n'ayant pas forcément de cohérence fonctionnelle."/>
      <exampleCanonical value="https://interop.esante.gouv.fr/ig/fhir/ror/StructureDefinition/ror-questionnaire"/>
    </resource>
    <resource>
      <extension url="http://hl7.org/fhir/tools/StructureDefinition/resource-information">
        <valueString value="ValueSet"/>
      </extension>
      <reference>
        <reference value="ValueSet/code-region-territorial-division-ror-valueset"/>
      </reference>
      <name value="Fusion des valuesets pour le code de la division territoriale"/>
      <description value="ValueSet regroupant des valuesets du NOS pour le code de la division territoriale"/>
      <exampleBoolean value="false"/>
    </resource>
    <resource>
      <extension url="http://hl7.org/fhir/tools/StructureDefinition/resource-information">
        <valueString value="CodeSystem"/>
      </extension>
      <reference>
        <reference value="CodeSystem/input-task-ror-codesystem"/>
      </reference>
      <name value="InputTaskRORCodeSystem"/>
      <description value="Code System pour la définition des éléments spécifiques de input dans ressource RORTask"/>
      <exampleBoolean value="false"/>
    </resource>
    <resource>
      <extension url="http://hl7.org/fhir/tools/StructureDefinition/resource-information">
        <valueString value="CodeSystem"/>
      </extension>
      <reference>
        <reference value="CodeSystem/output-task-ror-codesystem"/>
      </reference>
      <name value="OutputTaskRORCodeSystem"/>
      <description value="Code System pour la définition des éléments spécifiques de output dans ressource RORTask"/>
      <exampleBoolean value="false"/>
    </resource>
    <resource>
      <extension url="http://hl7.org/fhir/tools/StructureDefinition/resource-information">
        <valueString value="CapabilityStatement"/>
      </extension>
      <reference>
        <reference value="CapabilityStatement/ror-consommateur"/>
      </reference>
      <name value="ROR-Consommateur"/>
      <description value="Capability Statement pour les systèmes qui sont autorisés à consommer les données du ROR. Le Répertoire Opérationnel des Ressources (ROR) est le gisement de données qui décrit les offres de santé au niveau national."/>
      <exampleBoolean value="false"/>
    </resource>
    <resource>
      <extension url="http://hl7.org/fhir/tools/StructureDefinition/resource-information">
        <valueString value="Location"/>
      </extension>
      <reference>
        <reference value="Location/ror-location-exemple"/>
      </reference>
      <name value="ror-location-exemple"/>
      <description value="Exemple 'fake' pour RORLocation n'ayant pas forcément de cohérence fonctionnelle."/>
      <exampleCanonical value="https://interop.esante.gouv.fr/ig/fhir/ror/StructureDefinition/ror-location"/>
    </resource>
    <resource>
      <extension url="http://hl7.org/fhir/tools/StructureDefinition/resource-information">
        <valueString value="CapabilityStatement"/>
      </extension>
      <reference>
        <reference value="CapabilityStatement/ror-serveur"/>
      </reference>
      <name value="ROR-Serveur"/>
      <description value="Capability Statement pour le Système ROR National. Le Répertoire Opérationnel des Ressources (ROR) est le gisement de données qui décrit les offres de santé au niveau national."/>
      <exampleBoolean value="false"/>
    </resource>
    <resource>
      <extension url="http://hl7.org/fhir/tools/StructureDefinition/resource-information">
        <valueString value="SearchParameter"/>
      </extension>
      <reference>
        <reference value="SearchParameter/ror-sp-additional-bed-type"/>
      </reference>
      <name value="ror-sp-additional-bed-type"/>
      <description value="Paramètre de recherche pour récupérer les types des lits disponnibles"/>
      <exampleBoolean value="false"/>
    </resource>
    <resource>
      <extension url="http://hl7.org/fhir/tools/StructureDefinition/resource-information">
        <valueString value="SearchParameter"/>
      </extension>
      <reference>
        <reference value="SearchParameter/ror-sp-capacity-closing-type"/>
      </reference>
      <name value="ror-sp-capacity-closing-type"/>
      <description value="Paramètre de recherche pour récupérer le type de la fermeture de la capacité"/>
      <exampleBoolean value="false"/>
    </resource>
    <resource>
      <extension url="http://hl7.org/fhir/tools/StructureDefinition/resource-information">
        <valueString value="SearchParameter"/>
      </extension>
      <reference>
        <reference value="SearchParameter/ror-sp-capacity-status"/>
      </reference>
      <name value="ror-sp-capacity-status"/>
      <description value="Paramètre de recherche pour récupérer le statut de la capacité."/>
      <exampleBoolean value="false"/>
    </resource>
    <resource>
      <extension url="http://hl7.org/fhir/tools/StructureDefinition/resource-information">
        <valueString value="SearchParameter"/>
      </extension>
      <reference>
        <reference value="SearchParameter/ror-sp-capacity-type"/>
      </reference>
      <name value="ror-sp-capacity-type"/>
      <description value="Paramètre de recherche pour récupérer la nature de la capacité."/>
      <exampleBoolean value="false"/>
    </resource>
    <resource>
      <extension url="http://hl7.org/fhir/tools/StructureDefinition/resource-information">
        <valueString value="SearchParameter"/>
      </extension>
      <reference>
        <reference value="SearchParameter/ror-sp-capacity-update-date"/>
      </reference>
      <name value="ror-sp-capacity-update-date"/>
      <description value="Paramètre de recherche pour récupérer la date à jour de la capacité"/>
      <exampleBoolean value="false"/>
    </resource>
    <resource>
      <extension url="http://hl7.org/fhir/tools/StructureDefinition/resource-information">
        <valueString value="SearchParameter"/>
      </extension>
      <reference>
        <reference value="SearchParameter/ror-sp-crisis-type"/>
      </reference>
      <name value="ror-sp-crisis-type"/>
      <description value="Paramètre de recherche pour récupérer le type de la crise"/>
      <exampleBoolean value="false"/>
    </resource>
    <resource>
      <extension url="http://hl7.org/fhir/tools/StructureDefinition/resource-information">
        <valueString value="SearchParameter"/>
      </extension>
      <reference>
        <reference value="SearchParameter/ror-sp-equipment-feature"/>
      </reference>
      <name value="ror-sp-equipment-feature"/>
      <description value="Paramètre de recherche pour récupérer le type de caractéristique d'un equipement."/>
      <exampleBoolean value="false"/>
    </resource>
    <resource>
      <extension url="http://hl7.org/fhir/tools/StructureDefinition/resource-information">
        <valueString value="SearchParameter"/>
      </extension>
      <reference>
        <reference value="SearchParameter/ror-sp-equipment-type"/>
      </reference>
      <name value="ror-sp-equipment-type"/>
      <description value="Paramètre de recherche pour récupérer le type d'un équipement."/>
      <exampleBoolean value="false"/>
    </resource>
    <resource>
      <extension url="http://hl7.org/fhir/tools/StructureDefinition/resource-information">
        <valueString value="SearchParameter"/>
      </extension>
      <reference>
        <reference value="SearchParameter/ror-sp-gender-capacity-available"/>
      </reference>
      <name value="ror-sp-gender-capacity-available"/>
      <description value="Paramètre de recherche pour récupérer le genre disponible de la capacité."/>
      <exampleBoolean value="false"/>
    </resource>
    <resource>
      <extension url="http://hl7.org/fhir/tools/StructureDefinition/resource-information">
        <valueString value="SearchParameter"/>
      </extension>
      <reference>
        <reference value="SearchParameter/ror-sp-healthcareservice-age-range-high"/>
      </reference>
      <name value="ror-sp-healthcareservice-age-range-high"/>
      <description value="Paramètre de recherche décrivant l'age maximum de la patientèle"/>
      <exampleBoolean value="false"/>
    </resource>
    <resource>
      <extension url="http://hl7.org/fhir/tools/StructureDefinition/resource-information">
        <valueString value="SearchParameter"/>
      </extension>
      <reference>
        <reference value="SearchParameter/ror-sp-healthcareservice-age-range-low"/>
      </reference>
      <name value="ror-sp-healthcareservice-age-range-low"/>
      <description value="Paramètre de recherche décrivant l'age minimum de la patientèle"/>
      <exampleBoolean value="false"/>
    </resource>
    <resource>
      <extension url="http://hl7.org/fhir/tools/StructureDefinition/resource-information">
        <valueString value="SearchParameter"/>
      </extension>
      <reference>
        <reference value="SearchParameter/ror-sp-healthcareservice-equipment-type"/>
      </reference>
      <name value="ror-sp-healthcareservice-equipment-type"/>
      <description value="Paramètre de recherche décrivant le type d'équipement de l'offre opérationnelle"/>
      <exampleBoolean value="false"/>
    </resource>
    <resource>
      <extension url="http://hl7.org/fhir/tools/StructureDefinition/resource-information">
        <valueString value="SearchParameter"/>
      </extension>
      <reference>
        <reference value="SearchParameter/ror-sp-healthcareservice-intervention-zone"/>
      </reference>
      <name value="ror-sp-healthcareservice-intervention-zone"/>
      <description value="Paramètre de recherche décrivant la zone d'intervention"/>
      <exampleBoolean value="false"/>
    </resource>
    <resource>
      <extension url="http://hl7.org/fhir/tools/StructureDefinition/resource-information">
        <valueString value="SearchParameter"/>
      </extension>
      <reference>
        <reference value="SearchParameter/ror-sp-healthcareservice-notavailable-closing-reopeningdate"/>
      </reference>
      <name value="ror-sp-healthcareservice-notavailable-closing-reopeningdate"/>
      <description value="Paramètre de recherche pour rechercher la date dans la période de fermeture (during.start) et de réouverture prévisionnelle (during.end)."/>
      <exampleBoolean value="false"/>
    </resource>
    <resource>
      <extension url="http://hl7.org/fhir/tools/StructureDefinition/resource-information">
        <valueString value="SearchParameter"/>
      </extension>
      <reference>
        <reference value="SearchParameter/ror-sp-healthcareservice-patient-type"/>
      </reference>
      <name value="ror-sp-healthcareservice-patient-type"/>
      <description value="Paramètre de recherche décrivant le public pris en charge"/>
      <exampleBoolean value="false"/>
    </resource>
    <resource>
      <extension url="http://hl7.org/fhir/tools/StructureDefinition/resource-information">
        <valueString value="SearchParameter"/>
      </extension>
      <reference>
        <reference value="SearchParameter/ror-sp-healthcareservice-psychiatric-sector"/>
      </reference>
      <name value="ror-sp-healthcareservice-psychiatric-sector"/>
      <description value="Paramètre de recherche décrivrant le secteur psychiatrique de l'offre opérationnelle"/>
      <exampleBoolean value="false"/>
    </resource>
    <resource>
      <extension url="http://hl7.org/fhir/tools/StructureDefinition/resource-information">
        <valueString value="SearchParameter"/>
      </extension>
      <reference>
        <reference value="SearchParameter/ror-sp-limit-value"/>
      </reference>
      <name value="ror-sp-limit-value"/>
      <description value="Paramètre de recherche pour récupérer la valeur limite (poids, taille, etc..) de l'équipement"/>
      <exampleBoolean value="false"/>
    </resource>
    <resource>
      <extension url="http://hl7.org/fhir/tools/StructureDefinition/resource-information">
        <valueString value="SearchParameter"/>
      </extension>
      <reference>
        <reference value="SearchParameter/ror-sp-location-commune-cog"/>
      </reference>
      <name value="ror-sp-location-commune-cog"/>
      <description value="Paramètre de recherche sur le code officiel géographique (cog) de la commune dans laquelle le lieu est situé"/>
      <exampleBoolean value="false"/>
    </resource>
    <resource>
      <extension url="http://hl7.org/fhir/tools/StructureDefinition/resource-information">
        <valueString value="SearchParameter"/>
      </extension>
      <reference>
        <reference value="SearchParameter/ror-sp-location-near-insee-code"/>
      </reference>
      <name value="ror-sp-location-near-insee-code"/>
      <description value="Paramètre de recherche similaire au paramètre spécial &quot;near&quot;, à l'exception que celui-ci pointe sur l'adresse et non pas la position géographique"/>
      <exampleBoolean value="false"/>
    </resource>
    <resource>
      <extension url="http://hl7.org/fhir/tools/StructureDefinition/resource-information">
        <valueString value="SearchParameter"/>
      </extension>
      <reference>
        <reference value="SearchParameter/ror-sp-nb-capacity"/>
      </reference>
      <name value="ror-sp-nb-capacity"/>
      <description value="Paramètre de recherche pour récupérer le nombre de la capacité."/>
      <exampleBoolean value="false"/>
    </resource>
    <resource>
      <extension url="http://hl7.org/fhir/tools/StructureDefinition/resource-information">
        <valueString value="SearchParameter"/>
      </extension>
      <reference>
        <reference value="SearchParameter/ror-sp-organization-closing-type"/>
      </reference>
      <name value="ror-sp-organization-closing-type"/>
      <description value="Paramètre de recherche décrivant le type de fermeture de l'entité géographique, au sens des règles de gestion du SI FINESS"/>
      <exampleBoolean value="false"/>
    </resource>
    <resource>
      <extension url="http://hl7.org/fhir/tools/StructureDefinition/resource-information">
        <valueString value="SearchParameter"/>
      </extension>
      <reference>
        <reference value="SearchParameter/ror-sp-organization-drop-zone"/>
      </reference>
      <name value="ror-sp-organization-drop-zone"/>
      <description value="Paramètre de recherche permettant d'indiquer s'il y a une zone poser sur le site concerné"/>
      <exampleBoolean value="false"/>
    </resource>
    <resource>
      <extension url="http://hl7.org/fhir/tools/StructureDefinition/resource-information">
        <valueString value="SearchParameter"/>
      </extension>
      <reference>
        <reference value="SearchParameter/ror-sp-organization-oi-name"/>
      </reference>
      <name value="ror-sp-organization-oi-name"/>
      <description value="Paramètre de recherche sur le nom de l'organisation interne"/>
      <exampleBoolean value="false"/>
    </resource>
    <resource>
      <extension url="http://hl7.org/fhir/tools/StructureDefinition/resource-information">
        <valueString value="SearchParameter"/>
      </extension>
      <reference>
        <reference value="SearchParameter/ror-sp-organization-period-end"/>
      </reference>
      <name value="ror-sp-organization-period-end"/>
      <description value="Paramètre de recherche décrivant la date de fermeture de l'entité géographique"/>
      <exampleBoolean value="false"/>
    </resource>
    <resource>
      <extension url="http://hl7.org/fhir/tools/StructureDefinition/resource-information">
        <valueString value="SearchParameter"/>
      </extension>
      <reference>
        <reference value="SearchParameter/ror-sp-organization-price-amount-value"/>
      </reference>
      <name value="ror-sp-organization-price-amount-value"/>
      <description value="Paramètre de recherche sur la valeur du tarif des prestations et services"/>
      <exampleBoolean value="false"/>
    </resource>
    <resource>
      <extension url="http://hl7.org/fhir/tools/StructureDefinition/resource-information">
        <valueString value="SearchParameter"/>
      </extension>
      <reference>
        <reference value="SearchParameter/ror-sp-organization-price-dependency-level"/>
      </reference>
      <name value="ror-sp-organization-price-dependency-level"/>
      <description value="Paramètre de recherche sur le niveau de dépendance de la personne âgée accueillie"/>
      <exampleBoolean value="false"/>
    </resource>
    <resource>
      <extension url="http://hl7.org/fhir/tools/StructureDefinition/resource-information">
        <valueString value="SearchParameter"/>
      </extension>
      <reference>
        <reference value="SearchParameter/ror-sp-organization-price-residential-type"/>
      </reference>
      <name value="ror-sp-organization-price-residential-type"/>
      <description value="Paramètre de recherche sur les caractéristiques de l'hébergement"/>
      <exampleBoolean value="false"/>
    </resource>
    <resource>
      <extension url="http://hl7.org/fhir/tools/StructureDefinition/resource-information">
        <valueString value="SearchParameter"/>
      </extension>
      <reference>
        <reference value="SearchParameter/ror-sp-organization-price-type"/>
      </reference>
      <name value="ror-sp-organization-price-type"/>
      <description value="Paramètre de recherche sur le type de tarif"/>
      <exampleBoolean value="false"/>
    </resource>
    <resource>
      <extension url="http://hl7.org/fhir/tools/StructureDefinition/resource-information">
        <valueString value="SearchParameter"/>
      </extension>
      <reference>
        <reference value="SearchParameter/ror-sp-organization-price-unit"/>
      </reference>
      <name value="ror-sp-organization-price-unit"/>
      <description value="Paramètre de recherche sur l'unité de référence pour évaluer le prix des prestations et services"/>
      <exampleBoolean value="false"/>
    </resource>
    <resource>
      <extension url="http://hl7.org/fhir/tools/StructureDefinition/resource-information">
        <valueString value="SearchParameter"/>
      </extension>
      <reference>
        <reference value="SearchParameter/ror-sp-organization-price-validity-start-date"/>
      </reference>
      <name value="ror-sp-organization-price-validity-start-date"/>
      <description value="Paramètre de recherche sur la dernière date de début de validité du tarif indiqué"/>
      <exampleBoolean value="false"/>
    </resource>
    <resource>
      <extension url="http://hl7.org/fhir/tools/StructureDefinition/resource-information">
        <valueString value="SearchParameter"/>
      </extension>
      <reference>
        <reference value="SearchParameter/ror-sp-organization-price-welcome-type"/>
      </reference>
      <name value="ror-sp-organization-price-welcome-type"/>
      <description value="Paramètre de recherche décrivant si le tarif s'applique à un hébergement permanent ou à un hébergement temporaire"/>
      <exampleBoolean value="false"/>
    </resource>
    <resource>
      <extension url="http://hl7.org/fhir/tools/StructureDefinition/resource-information">
        <valueString value="SearchParameter"/>
      </extension>
      <reference>
        <reference value="SearchParameter/ror-sp-organization-special-price"/>
      </reference>
      <name value="ror-sp-organization-special-price"/>
      <description value="Paramètre de recherche sur la condition tarifaire"/>
      <exampleBoolean value="false"/>
    </resource>
    <resource>
      <extension url="http://hl7.org/fhir/tools/StructureDefinition/resource-information">
        <valueString value="SearchParameter"/>
      </extension>
      <reference>
        <reference value="SearchParameter/ror-sp-residential-number"/>
      </reference>
      <name value="ror-sp-residential-number"/>
      <description value="Paramètre de recherche pour récupérer le nombre d'habitation"/>
      <exampleBoolean value="false"/>
    </resource>
    <resource>
      <extension url="http://hl7.org/fhir/tools/StructureDefinition/resource-information">
        <valueString value="SearchParameter"/>
      </extension>
      <reference>
        <reference value="SearchParameter/ror-sp-residential-type"/>
      </reference>
      <name value="ror-sp-residential-type"/>
      <description value="Paramètre de recherche pour récupérer le type d'habitation"/>
      <exampleBoolean value="false"/>
    </resource>
    <resource>
      <extension url="http://hl7.org/fhir/tools/StructureDefinition/resource-information">
        <valueString value="SearchParameter"/>
      </extension>
      <reference>
        <reference value="SearchParameter/ror-sp-temporality-capacity"/>
      </reference>
      <name value="ror-sp-temporality-capacity"/>
      <description value="Paramètre de recherche pour récupérer le moment où la capacité sera effective"/>
      <exampleBoolean value="false"/>
    </resource>
    <resource>
      <extension url="http://hl7.org/fhir/tools/StructureDefinition/resource-information">
        <valueString value="SearchParameter"/>
      </extension>
      <reference>
        <reference value="SearchParameter/ror-sp-temporary-assignement"/>
      </reference>
      <name value="ror-sp-temporary-assignement"/>
      <description value="Paramètre de recherche pour récupérer les affectations temporaires"/>
      <exampleBoolean value="false"/>
    </resource>
    <resource>
      <extension url="http://hl7.org/fhir/tools/StructureDefinition/resource-information">
        <valueString value="Task"/>
      </extension>
      <reference>
        <reference value="Task/ror-task-exemple"/>
      </reference>
      <name value="ror-task-exemple"/>
      <description value="Exemple 'fake' pour RORTask n'ayant pas forcément de cohérence fonctionnelle"/>
      <exampleCanonical value="https://interop.esante.gouv.fr/ig/fhir/ror/StructureDefinition/ror-task"/>
    </resource>
    <resource>
      <extension url="http://hl7.org/fhir/tools/StructureDefinition/resource-information">
        <valueString value="StructureDefinition:extension"/>
      </extension>
      <reference>
        <reference value="StructureDefinition/ror-act-type"/>
      </reference>
      <name value="RORActType"/>
      <description value="Extension créée dans le cadre du ROR pour discriminer le type d'acte (spécifique ou hors cabinet)"/>
      <exampleBoolean value="false"/>
    </resource>
    <resource>
      <extension url="http://hl7.org/fhir/tools/StructureDefinition/resource-information">
        <valueString value="StructureDefinition:extension"/>
      </extension>
      <reference>
        <reference value="StructureDefinition/ror-available-time-effective-opening-closing-date"/>
      </reference>
      <name value="RORAvailableTimeEffectiveOpeningClosingDate"/>
      <description value="Extension créée dans le cadre du ROR pour décrire le planning d'activité d'un professionnel ou d'une offre."/>
      <exampleBoolean value="false"/>
    </resource>
    <resource>
      <extension url="http://hl7.org/fhir/tools/StructureDefinition/resource-information">
        <valueString value="StructureDefinition:extension"/>
      </extension>
      <reference>
        <reference value="StructureDefinition/ror-available-time-number-days-of-week"/>
      </reference>
      <name value="RORAvailableTimeNumberDaysofWeek"/>
      <description value="Extension créée dans le cadre du ROR pour indiquer le numéro du jour dans la semaine."/>
      <exampleBoolean value="false"/>
    </resource>
    <resource>
      <extension url="http://hl7.org/fhir/tools/StructureDefinition/resource-information">
        <valueString value="StructureDefinition:extension"/>
      </extension>
      <reference>
        <reference value="StructureDefinition/ror-available-time-type-of-time"/>
      </reference>
      <name value="RORAvailableTimeTypeOfTime"/>
      <description value="Extension créée dans le cadre du ROR pour apporter un contexte à la plage horaire définie par la suite. Un planning peut être constitué de plusieurs plages horaires du même type ou de type différent."/>
      <exampleBoolean value="false"/>
    </resource>
    <resource>
      <extension url="http://hl7.org/fhir/tools/StructureDefinition/resource-information">
        <valueString value="StructureDefinition:extension"/>
      </extension>
      <reference>
        <reference value="StructureDefinition/ror-comment"/>
      </reference>
      <name value="RORComment"/>
      <description value="Extension créée dans le cadre du ROR pour décrire le commentaire qui permet à la structure de donner des informations complémentaires"/>
      <exampleBoolean value="false"/>
    </resource>
    <resource>
      <extension url="http://hl7.org/fhir/tools/StructureDefinition/resource-information">
        <valueString value="StructureDefinition:extension"/>
      </extension>
      <reference>
        <reference value="StructureDefinition/ror-commune-cog"/>
      </reference>
      <name value="RORCommuneCog"/>
      <description value="Extension créée dans le cadre du ROR pour représenter le code officiel géographique (COG) de la commune dans laquelle le lieu est situé."/>
      <exampleBoolean value="false"/>
    </resource>
    <resource>
      <extension url="http://hl7.org/fhir/tools/StructureDefinition/resource-information">
        <valueString value="StructureDefinition:extension"/>
      </extension>
      <reference>
        <reference value="StructureDefinition/ror-confidence-geolocation"/>
      </reference>
      <name value="RORConfidenceGeolocation"/>
      <description value="Extension créée dans le cadre du ROR. Il s'agit d'une information supplémentaire pour signaler si la longitude et la latitude sont fiables."/>
      <exampleBoolean value="false"/>
    </resource>
    <resource>
      <extension url="http://hl7.org/fhir/tools/StructureDefinition/resource-information">
        <valueString value="StructureDefinition:extension"/>
      </extension>
      <reference>
        <reference value="StructureDefinition/ror-confidentiality-level"/>
      </reference>
      <name value="RORConfidentialityLevel"/>
      <description value="Extension créée dans le cadre du ROR pour définir le niveau de restriction de l'accès aux attributs de la classe Contact."/>
      <exampleBoolean value="false"/>
    </resource>
    <resource>
      <extension url="http://hl7.org/fhir/tools/StructureDefinition/resource-information">
        <valueString value="StructureDefinition:extension"/>
      </extension>
      <reference>
        <reference value="StructureDefinition/ror-contact-confidentiality-level"/>
      </reference>
      <name value="RORContactConfidentialityLevel"/>
      <description value="Extension créée dans le cadre du ROR qui permet de définir le niveau de restriction de l'accès aux attributs de la classe Contact"/>
      <exampleBoolean value="false"/>
    </resource>
    <resource>
      <extension url="http://hl7.org/fhir/tools/StructureDefinition/resource-information">
        <valueString value="StructureDefinition:extension"/>
      </extension>
      <reference>
        <reference value="StructureDefinition/ror-contact-description"/>
      </reference>
      <name value="RORContactDescription"/>
      <description value="Extension créée dans le cadre du ROR qui indique la description du Contact."/>
      <exampleBoolean value="false"/>
    </resource>
    <resource>
      <extension url="http://hl7.org/fhir/tools/StructureDefinition/resource-information">
        <valueString value="StructureDefinition:extension"/>
      </extension>
      <reference>
        <reference value="StructureDefinition/ror-contact-function-contact"/>
      </reference>
      <name value="RORContactFunctionContact"/>
      <description value="Extension créée dans le cadre du ROR qui indique un titre, une position ou une fonction de la personne assurant le contact au sein de l'organisation (directeur, secrétaire, etc.)."/>
      <exampleBoolean value="false"/>
    </resource>
    <resource>
      <extension url="http://hl7.org/fhir/tools/StructureDefinition/resource-information">
        <valueString value="StructureDefinition:extension"/>
      </extension>
      <reference>
        <reference value="StructureDefinition/ror-contact-telecom-confidentiality-level"/>
      </reference>
      <name value="RORContactTelecomConfidentialityLevel"/>
      <description value="Extension créée dans le cadre du ROR"/>
      <exampleBoolean value="false"/>
    </resource>
    <resource>
      <extension url="http://hl7.org/fhir/tools/StructureDefinition/resource-information">
        <valueString value="StructureDefinition:extension"/>
      </extension>
      <reference>
        <reference value="StructureDefinition/ror-contact-telecom-usage"/>
      </reference>
      <name value="RORContactTelecomUsage"/>
      <description value="Extension créée dans le cadre du ROR"/>
      <exampleBoolean value="false"/>
    </resource>
    <resource>
      <extension url="http://hl7.org/fhir/tools/StructureDefinition/resource-information">
        <valueString value="StructureDefinition:extension"/>
      </extension>
      <reference>
        <reference value="StructureDefinition/ror-coordinate-reliability"/>
      </reference>
      <name value="RORCoordinateReliability"/>
      <description value="Extension créée dans le cadre du ROR pour signaler si les informations des coordonnées géographiques sont issues d'un mode de production qui assure un certain niveau de fiabilité"/>
      <exampleBoolean value="false"/>
    </resource>
    <resource>
      <extension url="http://hl7.org/fhir/tools/StructureDefinition/resource-information">
        <valueString value="StructureDefinition:resource"/>
      </extension>
      <reference>
        <reference value="StructureDefinition/ror-healthcareservice"/>
      </reference>
      <name value="RORHealthcareService"/>
      <description value="Profil créé dans le cadre du ROR pour décrire les prestations que peut réaliser une structure et qui permettent de répondre au besoin de santé d'une personne"/>
      <exampleBoolean value="false"/>
    </resource>
    <resource>
      <extension url="http://hl7.org/fhir/tools/StructureDefinition/resource-information">
        <valueString value="StructureDefinition:extension"/>
      </extension>
      <reference>
        <reference value="StructureDefinition/ror-healthcareservice-contact"/>
      </reference>
      <name value="RORHealthcareServiceContact"/>
      <description value="Extension créée dans le cadre du ROR pour décrire la personne ou le service qui agit comme point de contact de l'offre."/>
      <exampleBoolean value="false"/>
    </resource>
    <resource>
      <extension url="http://hl7.org/fhir/tools/StructureDefinition/resource-information">
        <valueString value="StructureDefinition:extension"/>
      </extension>
      <reference>
        <reference value="StructureDefinition/ror-healthcareservice-contact-telecom"/>
      </reference>
      <name value="RORHealthcareServiceContactTelecom"/>
      <description value="Extension créée dans le cadre du ROR pour les télécommunications du contact."/>
      <exampleBoolean value="false"/>
    </resource>
    <resource>
      <extension url="http://hl7.org/fhir/tools/StructureDefinition/resource-information">
        <valueString value="StructureDefinition:extension"/>
      </extension>
      <reference>
        <reference value="StructureDefinition/ror-healthcareservice-no-consent-habilitation"/>
      </reference>
      <name value="RORHealthcareServiceNoConsentHabilitation"/>
      <description value="Extension créée dans le cadre du ROR qui permet d'identifier les offres pour lesquelles un établissement est autorisé par le directeur général de l’ARS après avis du préfet, à prendre en charge des patients sans leur consentement."/>
      <exampleBoolean value="false"/>
    </resource>
    <resource>
      <extension url="http://hl7.org/fhir/tools/StructureDefinition/resource-information">
        <valueString value="StructureDefinition:extension"/>
      </extension>
      <reference>
        <reference value="StructureDefinition/ror-healthcareservice-patient-type"/>
      </reference>
      <name value="RORHealthcareServicePatientType"/>
      <description value="Extension créée dans le cadre du ROR pour décrire un ensemble de personnes qui répondent à des critères leur permettant de  bénéficier de la prestation décrite"/>
      <exampleBoolean value="false"/>
    </resource>
    <resource>
      <extension url="http://hl7.org/fhir/tools/StructureDefinition/resource-information">
        <valueString value="StructureDefinition:extension"/>
      </extension>
      <reference>
        <reference value="StructureDefinition/ror-healthcareservice-psychiatric-sector"/>
      </reference>
      <name value="RORHealthcareServicePsychiatricSector"/>
      <description value="Extension créée dans le cadre du ROR qui correspond à une aire géographique à laquelle sont rattachées des structures de relais et de soins qui prennent en charge des patients résidants sur ce secteur."/>
      <exampleBoolean value="false"/>
    </resource>
    <resource>
      <extension url="http://hl7.org/fhir/tools/StructureDefinition/resource-information">
        <valueString value="StructureDefinition:extension"/>
      </extension>
      <reference>
        <reference value="StructureDefinition/ror-healthcareservice-sensitive-unit"/>
      </reference>
      <name value="RORHealthcareServiceSensitiveUnit"/>
      <description value="Extension créée dans le cadre du ROR pour signaler que toutes les informations de description d'une offre sont confidentielles car elles présentent un risque d'utilisation à des fins malveillantes."/>
      <exampleBoolean value="false"/>
    </resource>
    <resource>
      <extension url="http://hl7.org/fhir/tools/StructureDefinition/resource-information">
        <valueString value="StructureDefinition:resource"/>
      </extension>
      <reference>
        <reference value="StructureDefinition/ror-location"/>
      </reference>
      <name value="RORLocation"/>
      <description value="Profil créé dans le cadre du ROR pour décrire l'espace disposant d'un ensemble de ressources pour réaliser une offre."/>
      <exampleBoolean value="false"/>
    </resource>
    <resource>
      <extension url="http://hl7.org/fhir/tools/StructureDefinition/resource-information">
        <valueString value="StructureDefinition:extension"/>
      </extension>
      <reference>
        <reference value="StructureDefinition/ror-location-equipment"/>
      </reference>
      <name value="RORLocationEquipment"/>
      <description value="Extension créée dans le cadre du ROR pour décrire une ressource matérielle discriminante pour la réalisation d'une prestation. Cette extension a été créée, car Device ne correspondait pas à la définition de l'équipement pour le ROR.&#xA; Device représente une instance d'un équipement alors l'équipement pour le ROR correspond juste au nombre d'équipement de même type."/>
      <exampleBoolean value="false"/>
    </resource>
    <resource>
      <extension url="http://hl7.org/fhir/tools/StructureDefinition/resource-information">
        <valueString value="StructureDefinition:extension"/>
      </extension>
      <reference>
        <reference value="StructureDefinition/ror-location-equipment-limit"/>
      </reference>
      <name value="RORLocationEquipmentLimit"/>
      <description value="Extension créée dans le cadre du ROR qui précise les limites que peut supporter l'équipement le plus tolérant parmi les équipements spécifiques de même type dans cette organisation."/>
      <exampleBoolean value="false"/>
    </resource>
    <resource>
      <extension url="http://hl7.org/fhir/tools/StructureDefinition/resource-information">
        <valueString value="StructureDefinition:extension"/>
      </extension>
      <reference>
        <reference value="StructureDefinition/ror-location-residential-capacity"/>
      </reference>
      <name value="RORLocationResidentialCapacity"/>
      <description value="Extension créée dans le cadre du ROR qui décrit un type d'habitation adapté à la réalisation d'une offre."/>
      <exampleBoolean value="false"/>
    </resource>
    <resource>
      <extension url="http://hl7.org/fhir/tools/StructureDefinition/resource-information">
        <valueString value="StructureDefinition:extension"/>
      </extension>
      <reference>
        <reference value="StructureDefinition/ror-location-supported-capacity"/>
      </reference>
      <name value="RORLocationSupportedCapacity"/>
      <description value="Extension créée dans le cadre du ROR qui indique une série d’enregistrements indiquant la quantité de lit (ou de place) de l'entité pour un statut et une temporalité donnés."/>
      <exampleBoolean value="false"/>
    </resource>
    <resource>
      <extension url="http://hl7.org/fhir/tools/StructureDefinition/resource-information">
        <valueString value="StructureDefinition:resource"/>
      </extension>
      <reference>
        <reference value="StructureDefinition/ror-measure"/>
      </reference>
      <name value="RORMeasure"/>
      <description value="Définition de l'indicateur de pilotage du ROR National"/>
      <exampleBoolean value="false"/>
    </resource>
    <resource>
      <extension url="http://hl7.org/fhir/tools/StructureDefinition/resource-information">
        <valueString value="StructureDefinition:resource"/>
      </extension>
      <reference>
        <reference value="StructureDefinition/ror-measurereport"/>
      </reference>
      <name value="RORMeasureReport"/>
      <description value="Valeur pour un indicateur de pilotage du ROR National"/>
      <exampleBoolean value="false"/>
    </resource>
    <resource>
      <extension url="http://hl7.org/fhir/tools/StructureDefinition/resource-information">
        <valueString value="StructureDefinition:extension"/>
      </extension>
      <reference>
        <reference value="StructureDefinition/ror-meta-comment"/>
      </reference>
      <name value="RORMetaComment"/>
      <description value="Extension créée dans le cadre du ROR qui correspond au commentaire présent dans les métadonnées."/>
      <exampleBoolean value="false"/>
    </resource>
    <resource>
      <extension url="http://hl7.org/fhir/tools/StructureDefinition/resource-information">
        <valueString value="StructureDefinition:extension"/>
      </extension>
      <reference>
        <reference value="StructureDefinition/ror-meta-creation-date"/>
      </reference>
      <name value="RORMetaCreationDate"/>
      <description value="Extension créée dans le cadre du ROR qui correspond à la date de création (dans le ROR régional) présente dans les métadonnées."/>
      <exampleBoolean value="false"/>
    </resource>
    <resource>
      <extension url="http://hl7.org/fhir/tools/StructureDefinition/resource-information">
        <valueString value="StructureDefinition:resource"/>
      </extension>
      <reference>
        <reference value="StructureDefinition/ror-organization"/>
      </reference>
      <name value="ROROrganization"/>
      <description value="Profil créé dans le cadre du ROR pour décrire les organismes du domaine sanitaire, médico-social et social immatriculés dans le FINESS et les organisations internes"/>
      <exampleBoolean value="false"/>
    </resource>
    <resource>
      <extension url="http://hl7.org/fhir/tools/StructureDefinition/resource-information">
        <valueString value="StructureDefinition:extension"/>
      </extension>
      <reference>
        <reference value="StructureDefinition/ror-organization-accessibility-location"/>
      </reference>
      <name value="ROROrganizationAccessibilityLocation"/>
      <description value="Extension créée dans le cadre du ROR qui précise dans quelle mesure les locaux sont conformes aux dispositions règlementaires relatives à l’accessibilité des établissements recevant du public."/>
      <exampleBoolean value="false"/>
    </resource>
    <resource>
      <extension url="http://hl7.org/fhir/tools/StructureDefinition/resource-information">
        <valueString value="StructureDefinition:extension"/>
      </extension>
      <reference>
        <reference value="StructureDefinition/ror-organization-accomodation-family"/>
      </reference>
      <name value="ROROrganizationAccomodationFamily"/>
      <description value="Extension créée dans le cadre du ROR pour préciser si l'établissement peut héberger les familles des personnes prises en charge."/>
      <exampleBoolean value="false"/>
    </resource>
    <resource>
      <extension url="http://hl7.org/fhir/tools/StructureDefinition/resource-information">
        <valueString value="StructureDefinition:extension"/>
      </extension>
      <reference>
        <reference value="StructureDefinition/ror-organization-additional-name"/>
      </reference>
      <name value="ROROrganizationAdditionalName"/>
      <description value="Extension créée dans le cadre du ROR pour nom complémentaire de l'EJ (complementRaisonSociale)  ou nom complémentaire de l'EG (DenominationEG)"/>
      <exampleBoolean value="false"/>
    </resource>
    <resource>
      <extension url="http://hl7.org/fhir/tools/StructureDefinition/resource-information">
        <valueString value="StructureDefinition:extension"/>
      </extension>
      <reference>
        <reference value="StructureDefinition/ror-organization-closing-type"/>
      </reference>
      <name value="ROROrganizationClosingType"/>
      <description value="Extension créée dans le cadre du ROR pour définir le type de fermeture de l'organisation."/>
      <exampleBoolean value="false"/>
    </resource>
    <resource>
      <extension url="http://hl7.org/fhir/tools/StructureDefinition/resource-information">
        <valueString value="StructureDefinition:extension"/>
      </extension>
      <reference>
        <reference value="StructureDefinition/ror-organization-comment"/>
      </reference>
      <name value="ROROrganizationComment"/>
      <description value="Extension créée dans le cadre du ROR pour décrire le commentaire qui permet à la structure de donner des informations complémentaires"/>
      <exampleBoolean value="false"/>
    </resource>
    <resource>
      <extension url="http://hl7.org/fhir/tools/StructureDefinition/resource-information">
        <valueString value="StructureDefinition:extension"/>
      </extension>
      <reference>
        <reference value="StructureDefinition/ror-organization-creation-date"/>
      </reference>
      <name value="ROROrganizationCreationDate"/>
      <description value="Extension créée dans le cadre du ROR pour définir la date de création de l'entité juridique."/>
      <exampleBoolean value="false"/>
    </resource>
    <resource>
      <extension url="http://hl7.org/fhir/tools/StructureDefinition/resource-information">
        <valueString value="StructureDefinition:extension"/>
      </extension>
      <reference>
        <reference value="StructureDefinition/ror-organization-drop-zone"/>
      </reference>
      <name value="ROROrganizationDropZone"/>
      <description value="Extension créée dans le cadre du ROR pour préciser l’existence d’une zone de poser pour hélicoptère sur le site concerné."/>
      <exampleBoolean value="false"/>
    </resource>
    <resource>
      <extension url="http://hl7.org/fhir/tools/StructureDefinition/resource-information">
        <valueString value="StructureDefinition:extension"/>
      </extension>
      <reference>
        <reference value="StructureDefinition/ror-organization-financial-help-type"/>
      </reference>
      <name value="ROROrganizationFinancialHelpType"/>
      <description value="Extension créée dans le cadre du ROR pour préciser l'aide financière pour laquelle l'EG dispose d'une habilitation ou conventionnement qui permet aux personnes accueillies d'en bénéficier si elles remplissent les conditions."/>
      <exampleBoolean value="false"/>
    </resource>
    <resource>
      <extension url="http://hl7.org/fhir/tools/StructureDefinition/resource-information">
        <valueString value="StructureDefinition:extension"/>
      </extension>
      <reference>
        <reference value="StructureDefinition/ror-organization-level-recours-orsan"/>
      </reference>
      <name value="ROROrganizationLevelRecourseORSAN"/>
      <description value="Extension créée dans le cadre du ROR pour décrire une hiérarchisation fonctionnelle de la mobilisation des établissements pour accueillir les patients après régulation par le SAMU."/>
      <exampleBoolean value="false"/>
    </resource>
    <resource>
      <extension url="http://hl7.org/fhir/tools/StructureDefinition/resource-information">
        <valueString value="StructureDefinition:extension"/>
      </extension>
      <reference>
        <reference value="StructureDefinition/ror-organization-nb-permanent-social-help-place"/>
      </reference>
      <name value="ROROrganizationNbPermanentSocialHelpPlace"/>
      <description value="Extension créée dans le cadre du ROR pour indiquer le nombre de places permanentes dédiées à l'aide sociale dans l'établissement"/>
      <exampleBoolean value="false"/>
    </resource>
    <resource>
      <extension url="http://hl7.org/fhir/tools/StructureDefinition/resource-information">
        <valueString value="StructureDefinition:extension"/>
      </extension>
      <reference>
        <reference value="StructureDefinition/ror-organization-nb-temporary-social-help-place"/>
      </reference>
      <name value="ROROrganizationNbTemporarySocialHelpPlace"/>
      <description value="Extension créée dans le cadre du ROR pour indiquer le nombre de places temporaires dédiées à l'aide sociale dans l'établissement"/>
      <exampleBoolean value="false"/>
    </resource>
    <resource>
      <extension url="http://hl7.org/fhir/tools/StructureDefinition/resource-information">
        <valueString value="StructureDefinition:extension"/>
      </extension>
      <reference>
        <reference value="StructureDefinition/ror-organization-price"/>
      </reference>
      <name value="ROROrganizationPrice"/>
      <description value="Extension créée dans le cadre du ROR pour permettre de définir les tarifs des prestations et services d'une entité géographique."/>
      <exampleBoolean value="false"/>
    </resource>
    <resource>
      <extension url="http://hl7.org/fhir/tools/StructureDefinition/resource-information">
        <valueString value="StructureDefinition:extension"/>
      </extension>
      <reference>
        <reference value="StructureDefinition/ror-organization-reopening-date"/>
      </reference>
      <name value="ROROrganizationReopeningDate"/>
      <description value="Extension créée dans le cadre du ROR pour définir la date prévisionnelle de réouverture de l'organisation interne."/>
      <exampleBoolean value="false"/>
    </resource>
    <resource>
      <extension url="http://hl7.org/fhir/tools/StructureDefinition/resource-information">
        <valueString value="StructureDefinition:resource"/>
      </extension>
      <reference>
        <reference value="StructureDefinition/ror-practitioner"/>
      </reference>
      <name value="RORPractitioner"/>
      <description value="Profil créée dans le cadre du ROR pour décrire les données d'identification pérennes d’une personne physique, qui travaille en tant que professionnel"/>
      <exampleBoolean value="false"/>
    </resource>
    <resource>
      <extension url="http://hl7.org/fhir/tools/StructureDefinition/resource-information">
        <valueString value="StructureDefinition:resource"/>
      </extension>
      <reference>
        <reference value="StructureDefinition/ror-practitionerrole"/>
      </reference>
      <name value="RORPractitionerRole"/>
      <description value="Profil créé dans le cadre du ROR pour décrire les modalités d'exercice opérationnelles du profesionnel dans la réalisation de l'offre"/>
      <exampleBoolean value="false"/>
    </resource>
    <resource>
      <extension url="http://hl7.org/fhir/tools/StructureDefinition/resource-information">
        <valueString value="StructureDefinition:extension"/>
      </extension>
      <reference>
        <reference value="StructureDefinition/ror-practitionerrole-name"/>
      </reference>
      <name value="RORPractitionerRoleName"/>
      <description value="Extension créée dans le cadre du ROR pour définir l'identité d’exercice d’un professionnel"/>
      <exampleBoolean value="false"/>
    </resource>
    <resource>
      <extension url="http://hl7.org/fhir/tools/StructureDefinition/resource-information">
        <valueString value="StructureDefinition:extension"/>
      </extension>
      <reference>
        <reference value="StructureDefinition/ror-practitionerrole-unit-exercise-mode"/>
      </reference>
      <name value="RORPractitionerRoleUnitExerciseMode"/>
      <description value="Extension créée dans le cadre du ROR qui correspond au statut du professionnel lorsqu'il exerce dans le cadre de l'offre décrite."/>
      <exampleBoolean value="false"/>
    </resource>
    <resource>
      <extension url="http://hl7.org/fhir/tools/StructureDefinition/resource-information">
        <valueString value="StructureDefinition:resource"/>
      </extension>
      <reference>
        <reference value="StructureDefinition/ror-questionnaire"/>
      </reference>
      <name value="RORQuestionnaire"/>
      <description value="Fiche de saisie de l'offre de soins"/>
      <exampleBoolean value="false"/>
    </resource>
    <resource>
      <extension url="http://hl7.org/fhir/tools/StructureDefinition/resource-information">
        <valueString value="StructureDefinition:resource"/>
      </extension>
      <reference>
        <reference value="StructureDefinition/ror-task"/>
      </reference>
      <name value="RORTask"/>
      <description value="Anomalie concerant une donnée dans une ressource du ROR"/>
      <exampleBoolean value="false"/>
    </resource>
    <resource>
      <extension url="http://hl7.org/fhir/tools/StructureDefinition/resource-information">
        <valueString value="StructureDefinition:extension"/>
      </extension>
      <reference>
        <reference value="StructureDefinition/ror-telecom-communication-channel"/>
      </reference>
      <name value="RORTelecomCommunicationChannel"/>
      <description value="Extension créée dans le cadre du ROR spécifiant le canal ou la manière dont s'établit la communication"/>
      <exampleBoolean value="false"/>
    </resource>
    <resource>
      <extension url="http://hl7.org/fhir/tools/StructureDefinition/resource-information">
        <valueString value="StructureDefinition:extension"/>
      </extension>
      <reference>
        <reference value="StructureDefinition/ror-telecom-confidentiality-level"/>
      </reference>
      <name value="RORTelecomConfidentialityLevel"/>
      <description value="Extension créée dans le cadre du ROR qui permet de définir le niveau de restriction de l'accès aux attributs de la classe Télécommunication."/>
      <exampleBoolean value="false"/>
    </resource>
    <resource>
      <extension url="http://hl7.org/fhir/tools/StructureDefinition/resource-information">
        <valueString value="StructureDefinition:extension"/>
      </extension>
      <reference>
        <reference value="StructureDefinition/ror-telecom-usage"/>
      </reference>
      <name value="RORTelecomUsage"/>
      <description value="Extension créée dans le cadre du ROR qui précise l'utilisation du canal de communication"/>
      <exampleBoolean value="false"/>
    </resource>
    <resource>
      <extension url="http://hl7.org/fhir/tools/StructureDefinition/resource-information">
        <valueString value="StructureDefinition:extension"/>
      </extension>
      <reference>
        <reference value="StructureDefinition/ror-territorial-division"/>
      </reference>
      <name value="RORTerritorialDivision"/>
      <description value="Extension créée dans le cadre du ROR qui correspond au périmètre géographique dans lequel habitent les personnes pouvant être prises en charge pour la prestation décrite. &#xA;Cela inclut notamment les divisions territoriales dans lesquelles les professionnels se déplacent."/>
      <exampleBoolean value="false"/>
    </resource>
    <resource>
      <extension url="http://hl7.org/fhir/tools/StructureDefinition/resource-information">
        <valueString value="CodeSystem"/>
      </extension>
      <reference>
        <reference value="CodeSystem/usage-context-ror-codesystem"/>
      </reference>
      <name value="UsageContextRORCodeSystem"/>
      <description value="CodeSystem pour définir le type de catégorie du contexte d'usage des instances de questionnaire dans le cadre du ROR"/>
      <exampleBoolean value="false"/>
    </resource>
    <resource>
      <extension url="http://hl7.org/fhir/tools/StructureDefinition/resource-information">
        <valueString value="ValueSet"/>
      </extension>
      <reference>
        <reference value="ValueSet/ror-include-associated-data-vs"/>
      </reference>
      <name value="Value Set afin d'étendre le Value Set pour query parameter includeAssociatedData"/>
      <description value="Value Set pour étendre http://hl7.org/fhir/uv/bulkdata/ValueSet/include-associated-data et utiliser _[custom value] pour utiliser le query parameter includeAssociatedData"/>
      <exampleBoolean value="false"/>
    </resource>
    <resource>
      <extension url="http://hl7.org/fhir/tools/StructureDefinition/resource-information">
        <valueString value="ValueSet"/>
      </extension>
      <reference>
        <reference value="ValueSet/ror-usage-context-type-vs"/>
      </reference>
      <name value="Value Set type pour le contexte d'usage de la fiche de saisie"/>
      <description value="Extension du Value Set http://hl7.org/fhir/ValueSet/usage-context-type pour fixer le type de contexte d'usage de la fiche de saisie avec le code EG ou le S pour Spécialité ordinale ou P01 pour le type de profession"/>
      <exampleBoolean value="false"/>
    </resource>
    <resource>
      <extension url="http://hl7.org/fhir/tools/StructureDefinition/resource-information">
        <valueString value="ValueSet"/>
      </extension>
      <reference>
        <reference value="ValueSet/act-type-ror-valueset"/>
      </reference>
      <name value="Valueset type d'acte"/>
      <description value="Valueset type d'acte"/>
      <exampleBoolean value="false"/>
    </resource>
    <page>
      <extension url="http://hl7.org/fhir/tools/StructureDefinition/ig-page-name">
        <valueUrl value="toc.html"/>
      </extension>
      <nameUrl value="toc.html"/>
      <title value="Table of Contents"/>
      <generation value="html"/>
      <page>
        <extension url="http://hl7.org/fhir/tools/StructureDefinition/ig-page-name">
          <valueUrl value="index.html"/>
        </extension>
        <nameUrl value="index.html"/>
        <title value="Accueil"/>
        <generation value="markdown"/>
      </page>
      <page>
        <extension url="http://hl7.org/fhir/tools/StructureDefinition/ig-page-name">
          <valueUrl value="specifications_fonctionnelles.html"/>
        </extension>
        <nameUrl value="specifications_fonctionnelles.html"/>
        <title value="Specifications Fonctionnelles"/>
        <generation value="markdown"/>
      </page>
      <page>
        <extension url="http://hl7.org/fhir/tools/StructureDefinition/ig-page-name">
          <valueUrl value="specifications_techniques_1.html"/>
        </extension>
        <nameUrl value="specifications_techniques_1.html"/>
        <title value="Consultation des données capacitaires"/>
        <generation value="markdown"/>
      </page>
      <page>
        <extension url="http://hl7.org/fhir/tools/StructureDefinition/ig-page-name">
          <valueUrl value="specifications_techniques_2.html"/>
        </extension>
        <nameUrl value="specifications_techniques_2.html"/>
        <title value="Consultation de l'offre (extraction)"/>
        <generation value="markdown"/>
      </page>
      <page>
        <extension url="http://hl7.org/fhir/tools/StructureDefinition/ig-page-name">
          <valueUrl value="specifications_techniques_3.html"/>
        </extension>
        <nameUrl value="specifications_techniques_3.html"/>
        <title value="Recherche d'offre sur critères principaux"/>
        <generation value="markdown"/>
      </page>
      <page>
        <extension url="http://hl7.org/fhir/tools/StructureDefinition/ig-page-name">
          <valueUrl value="specifications_techniques_4.html"/>
        </extension>
        <nameUrl value="specifications_techniques_4.html"/>
        <title value="Recherche d'offre avec données capacitaires"/>
        <generation value="markdown"/>
      </page>
      <page>
        <extension url="http://hl7.org/fhir/tools/StructureDefinition/ig-page-name">
          <valueUrl value="specifications_techniques_8.html"/>
        </extension>
        <nameUrl value="specifications_techniques_8.html"/>
        <title value="Recherche d'offre sur la base d'informations tarifaires"/>
        <generation value="markdown"/>
      </page>
      <page>
        <extension url="http://hl7.org/fhir/tools/StructureDefinition/ig-page-name">
          <valueUrl value="specifications_techniques_9.html"/>
        </extension>
        <nameUrl value="specifications_techniques_9.html"/>
        <title value="Recherche d'offre via une technique « Full text »"/>
        <generation value="markdown"/>
      </page>
      <page>
        <extension url="http://hl7.org/fhir/tools/StructureDefinition/ig-page-name">
          <valueUrl value="specifications_techniques_10.html"/>
        </extension>
        <nameUrl value="specifications_techniques_10.html"/>
        <title value="Création et Mise à jour du lieu de réalisation de l'offre"/>
        <generation value="markdown"/>
      </page>
      <page>
        <extension url="http://hl7.org/fhir/tools/StructureDefinition/ig-page-name">
          <valueUrl value="consignes_fiche_saisie_offre.html"/>
        </extension>
        <nameUrl value="consignes_fiche_saisie_offre.html"/>
        <title value="Consignes fiche de saisie de l'offre"/>
        <generation value="markdown"/>
      </page>
      <page>
        <extension url="http://hl7.org/fhir/tools/StructureDefinition/ig-page-name">
          <valueUrl value="saisie_offre.html"/>
        </extension>
        <nameUrl value="saisie_offre.html"/>
        <title value="Saisie de l'offre"/>
        <generation value="markdown"/>
      </page>
      <page>
        <extension url="http://hl7.org/fhir/tools/StructureDefinition/ig-page-name">
          <valueUrl value="miseAjour_offre.html"/>
        </extension>
        <nameUrl value="miseAjour_offre.html"/>
        <title value="Mise à jour de l'offre"/>
        <generation value="markdown"/>
      </page>
      <page>
        <extension url="http://hl7.org/fhir/tools/StructureDefinition/ig-page-name">
          <valueUrl value="specifications_techniques_5.html"/>
        </extension>
        <nameUrl value="specifications_techniques_5.html"/>
        <title value="Signalement d'anomalie"/>
        <generation value="markdown"/>
      </page>
      <page>
        <extension url="http://hl7.org/fhir/tools/StructureDefinition/ig-page-name">
          <valueUrl value="specifications_techniques_6.html"/>
        </extension>
        <nameUrl value="specifications_techniques_6.html"/>
        <title value="Mise à jour d'anomalie"/>
        <generation value="markdown"/>
      </page>
      <page>
        <extension url="http://hl7.org/fhir/tools/StructureDefinition/ig-page-name">
          <valueUrl value="specifications_techniques_7.html"/>
        </extension>
        <nameUrl value="specifications_techniques_7.html"/>
        <title value="Consultation d'anomalie"/>
        <generation value="markdown"/>
      </page>
      <page>
        <extension url="http://hl7.org/fhir/tools/StructureDefinition/ig-page-name">
          <valueUrl value="specifications_techniques_11.html"/>
        </extension>
        <nameUrl value="specifications_techniques_11.html"/>
        <title value="Consultation d'indicateurs de pilotage"/>
        <generation value="markdown"/>
      </page>
      <page>
        <extension url="http://hl7.org/fhir/tools/StructureDefinition/ig-page-name">
          <valueUrl value="search_param.html"/>
        </extension>
        <nameUrl value="search_param.html"/>
        <title value="Critères de recherche"/>
        <generation value="markdown"/>
      </page>
      <page>
        <extension url="http://hl7.org/fhir/tools/StructureDefinition/ig-page-name">
          <valueUrl value="modifiers.html"/>
        </extension>
        <nameUrl value="modifiers.html"/>
        <title value="Paramètres et modificateurs de requêtes FHIR"/>
        <generation value="markdown"/>
      </page>
      <page>
        <extension url="http://hl7.org/fhir/tools/StructureDefinition/ig-page-name">
          <valueUrl value="mapping.html"/>
        </extension>
        <nameUrl value="mapping.html"/>
        <title value="Mapping FHIR du modèle de données du ROR"/>
        <generation value="markdown"/>
      </page>
      <page>
        <extension url="http://hl7.org/fhir/tools/StructureDefinition/ig-page-name">
          <valueUrl value="change-log.html"/>
        </extension>
        <nameUrl value="change-log.html"/>
        <title value="Historique des versions"/>
        <generation value="markdown"/>
      </page>
      <page>
        <extension url="http://hl7.org/fhir/tools/StructureDefinition/ig-page-name">
          <valueUrl value="autres_ressources.html"/>
        </extension>
        <nameUrl value="autres_ressources.html"/>
        <title value="Autres Ressources"/>
        <generation value="markdown"/>
        <page>
          <extension url="http://hl7.org/fhir/tools/StructureDefinition/ig-page-name">
            <valueUrl value="securite.html"/>
          </extension>
          <nameUrl value="securite.html"/>
          <title value="Sécurité"/>
          <generation value="markdown"/>
        </page>
        <page>
          <extension url="http://hl7.org/fhir/tools/StructureDefinition/ig-page-name">
            <valueUrl value="downloads.html"/>
          </extension>
          <nameUrl value="downloads.html"/>
          <title value="Téléchargements et usages"/>
          <generation value="markdown"/>
        </page>
      </page>
    </page>
    <parameter>
      <code value="path-resource"/>
      <value value="input/capabilities"/>
    </parameter>
    <parameter>
      <code value="path-resource"/>
      <value value="input/examples"/>
    </parameter>
    <parameter>
      <code value="path-resource"/>
      <value value="input/extensions"/>
    </parameter>
    <parameter>
      <code value="path-resource"/>
      <value value="input/models"/>
    </parameter>
    <parameter>
      <code value="path-resource"/>
      <value value="input/operations"/>
    </parameter>
    <parameter>
      <code value="path-resource"/>
      <value value="input/profiles"/>
    </parameter>
    <parameter>
      <code value="path-resource"/>
      <value value="input/resources"/>
    </parameter>
    <parameter>
      <code value="path-resource"/>
      <value value="input/vocabulary"/>
    </parameter>
    <parameter>
      <code value="path-resource"/>
      <value value="input/maps"/>
    </parameter>
    <parameter>
      <code value="path-resource"/>
      <value value="input/testing"/>
    </parameter>
    <parameter>
      <code value="path-resource"/>
      <value value="input/history"/>
    </parameter>
    <parameter>
      <code value="path-resource"/>
      <value value="fsh-generated/resources"/>
    </parameter>
    <parameter>
      <code value="path-pages"/>
      <value value="template/config"/>
    </parameter>
    <parameter>
      <code value="path-pages"/>
      <value value="input/images"/>
    </parameter>
    <parameter>
      <code value="path-tx-cache"/>
      <value value="input-cache/txcache"/>
    </parameter>
  </definition>
</ImplementationGuide>