{"resourceType":"SearchParameter","id":"ror-sp-healthcareservice-intervention-zone","text":{"status":"generated","div":"<div xmlns=\"http://www.w3.org/1999/xhtml\"><p class=\"res-header-id\"><b>Narratif généré : ParamètreRecherche ror-sp-healthcareservice-intervention-zone</b></p><a name=\"ror-sp-healthcareservice-intervention-zone\"> </a><a name=\"hcror-sp-healthcareservice-intervention-zone\"> </a><h2>RORHealthcareServiceInterventionZone</h2><p>Paramètre <code>intervention-zone</code>:<code>token</code></p><div><p>Paramètre de recherche décrivant la zone d'intervention</p>\n</div><table class=\"grid\"><tr><td>Ressource</td><td><a href=\"http://hl7.org/fhir/R4/healthcareservice.html\">HealthcareService</a></td></tr><tr><td>Expression</td><td><code>HealthcareService.extension.where(url='https://interop.esante.gouv.fr/ig/fhir/ror/StructureDefinition/ror-territorial-division').extension.where(url='codeTerritorialDivision').value.as(CodeableConcept)</code></td></tr><tr><td>Multiples</td><td><ul><li>multipleAnd: It's up to the server whether the parameter may repeat in order to specify multiple values that must all be true</li><li>multipleOr: It's up to the server whether the parameter can have multiple values (separated by comma) where at least one must be true</li></ul></td></tr></table></div>"},"url":"https://interop.esante.gouv.fr/ig/fhir/ror/SearchParameter/ror-sp-healthcareservice-intervention-zone","version":"0.6.0","name":"RORHealthcareServiceInterventionZone","status":"active","date":"2025-06-30T16:30:10+00:00","publisher":"ANS","contact":[{"name":"ANS","telecom":[{"system":"url","value":"https://esante.gouv.fr"}]}],"description":"Paramètre de recherche décrivant la zone d'intervention","jurisdiction":[{"coding":[{"system":"urn:iso:std:iso:3166","code":"FR","display":"FRANCE"}]}],"code":"intervention-zone","base":["HealthcareService"],"type":"token","expression":"HealthcareService.extension.where(url='https://interop.esante.gouv.fr/ig/fhir/ror/StructureDefinition/ror-territorial-division').extension.where(url='codeTerritorialDivision').value.as(CodeableConcept)"}