{
  "resourceType" : "ValueSet",
  "id" : "act-type-ror-valueset",
  "meta" : {
    "profile" : ["http://hl7.org/fhir/StructureDefinition/shareablevalueset"]
  },
  "text" : {
    "status" : "generated",
    "div" : "<div xmlns=\"http://www.w3.org/1999/xhtml\"><p class=\"res-header-id\"><b>Generated Narrative: ValueSet act-type-ror-valueset</b></p><a name=\"act-type-ror-valueset\"> </a><a name=\"hcact-type-ror-valueset\"> </a><a name=\"act-type-ror-valueset-fr-FR\"> </a><ul><li>Include all codes defined in <a href=\"CodeSystem-act-type-ror-codesystem.html\"><code>https://interop.esante.gouv.fr/ig/fhir/ror/CodeSystem/act-type-ror-codesystem</code></a></li></ul></div>"
  },
  "url" : "https://interop.esante.gouv.fr/ig/fhir/ror/ValueSet/act-type-ror-valueset",
  "version" : "0.5.0-snapshot-1",
  "name" : "ActTypeRORValueSet",
  "title" : "Valueset type d'acte",
  "status" : "draft",
  "experimental" : true,
  "date" : "2025-01-24T14:57:39+00:00",
  "publisher" : "ANS",
  "contact" : [{
    "name" : "ANS",
    "telecom" : [{
      "system" : "url",
      "value" : "https://esante.gouv.fr"
    }]
  }],
  "description" : "Valueset type d'acte",
  "jurisdiction" : [{
    "coding" : [{
      "system" : "urn:iso:std:iso:3166",
      "code" : "FR",
      "display" : "FRANCE"
    }]
  }],
  "compose" : {
    "include" : [{
      "system" : "https://interop.esante.gouv.fr/ig/fhir/ror/CodeSystem/act-type-ror-codesystem"
    }]
  }
}