{
  "resourceType" : "SearchParameter",
  "id" : "ror-sp-temporary-assignement",
  "text" : {
    "status" : "generated",
    "div" : "<div xmlns=\"http://www.w3.org/1999/xhtml\"><h2>RORSPTemporaryAssignement</h2><p>Parameter <code>temporary-assignement</code>:<code>token</code></p><div><p>Paramètre de recherche pour récupérer les affectations temporaires</p>\n</div><table class=\"grid\"><tr><td>Resource</td><td><a href=\"http://hl7.org/fhir/R4/location.html\">Location</a></td></tr><tr><td>Expression</td><td><code>Location.extension.where(url='https://interop.esante.gouv.fr/ig/fhir/ror/StructureDefinition/ror-location-supported-capacity').extension.where(url='temporaryAssignement').value.as(CodeableConcept)</code></td></tr><tr><td>Multiples</td><td><ul><li>multipleAnd: It's up to the server whether the parameter may repeat in order to specify multiple values that must all be true</li><li>multipleOr: It's up to the server whether the parameter can have multiple values (separated by comma) where at least one must be true</li></ul></td></tr></table></div>"
  },
  "url" : "https://interop.esante.gouv.fr/ig/fhir/ror/SearchParameter/ror-sp-temporary-assignement",
  "version" : "0.4.0-snapshot-1",
  "name" : "RORSPTemporaryAssignement",
  "status" : "active",
  "date" : "2024-05-23T13:16:50+00:00",
  "publisher" : "ANS",
  "contact" : [{
    "name" : "ANS",
    "telecom" : [{
      "system" : "url",
      "value" : "https://esante.gouv.fr"
    }]
  }],
  "description" : "Paramètre de recherche pour récupérer les affectations temporaires",
  "jurisdiction" : [{
    "coding" : [{
      "system" : "urn:iso:std:iso:3166",
      "code" : "FR",
      "display" : "FRANCE"
    }]
  }],
  "code" : "temporary-assignement",
  "base" : ["Location"],
  "type" : "token",
  "expression" : "Location.extension.where(url='https://interop.esante.gouv.fr/ig/fhir/ror/StructureDefinition/ror-location-supported-capacity').extension.where(url='temporaryAssignement').value.as(CodeableConcept)"
}