{"resourceType":"CodeSystem","id":"act-type-ror-codesystem","meta":{"profile":["http://hl7.org/fhir/StructureDefinition/shareablecodesystem"]},"text":{"status":"generated","div":"<div xmlns=\"http://www.w3.org/1999/xhtml\"><p class=\"res-header-id\"><b>Narratif généré : CodeSystem act-type-ror-codesystem</b></p><a name=\"act-type-ror-codesystem\"> </a><a name=\"hcact-type-ror-codesystem\"> </a><div style=\"display: inline-block; background-color: #d9e0e7; padding: 6px; margin: 4px; border: 1px solid #8da1b4; border-radius: 5px; line-height: 60%\"><p style=\"margin-bottom: 0px\"/><p style=\"margin-bottom: 0px\">Profil: <a href=\"http://hl7.org/fhir/R4/shareablecodesystem.html\">Shareable CodeSystem</a></p></div><p>This case-sensitive code system <code>https://interop.esante.gouv.fr/ig/fhir/ror/CodeSystem/act-type-ror-codesystem</code> defines the following codes:</p><table class=\"codes\"><tr><td style=\"white-space:nowrap\"><b>Code</b></td><td><b>Définition</b></td></tr><tr><td style=\"white-space:nowrap\">specificAct<a name=\"act-type-ror-codesystem-specificAct\"> </a></td><td>Acte spécifique</td></tr><tr><td style=\"white-space:nowrap\">outsideOfficeAct<a name=\"act-type-ror-codesystem-outsideOfficeAct\"> </a></td><td>Acte hors cabinet</td></tr></table></div>"},"url":"https://interop.esante.gouv.fr/ig/fhir/ror/CodeSystem/act-type-ror-codesystem","version":"0.6.0","name":"ActTypeRORCodeSystem","status":"draft","experimental":true,"date":"2025-07-02T12:53:37+00:00","publisher":"ANS","contact":[{"name":"ANS","telecom":[{"system":"url","value":"https://esante.gouv.fr"}]}],"description":"CodeSystem pour le type d'acte pour les slices de characteristic concernant les actes dans la ressource ROR HealthcareService","jurisdiction":[{"coding":[{"system":"urn:iso:std:iso:3166","code":"FR","display":"FRANCE"}]}],"caseSensitive":true,"compositional":false,"content":"complete","count":2,"concept":[{"code":"specificAct","display":"specificAct","definition":"Acte spécifique","designation":[{"use":{"system":"http://terminology.hl7.org/CodeSystem/designation-usage","code":"display"},"value":"specificAct"}]},{"code":"outsideOfficeAct","display":"outsideOfficeAct","definition":"Acte hors cabinet","designation":[{"use":{"system":"http://terminology.hl7.org/CodeSystem/designation-usage","code":"display"},"value":"outsideOfficeAct"}]}]}