{"resourceType":"SearchParameter","id":"ror-sp-organization-drop-zone","text":{"status":"generated","div":"<div xmlns=\"http://www.w3.org/1999/xhtml\"><p class=\"res-header-id\"><b>Narratif généré : ParamètreRecherche ror-sp-organization-drop-zone</b></p><a name=\"ror-sp-organization-drop-zone\"> </a><a name=\"hcror-sp-organization-drop-zone\"> </a><h2>RORSPOrganizationDropZone</h2><p>Paramètre <code>drop-zone</code>:<code>token</code></p><div><p>Paramètre de recherche permettant d'indiquer s'il y a une zone poser sur le site concerné</p>\n</div><table class=\"grid\"><tr><td>Ressource</td><td><a href=\"http://hl7.org/fhir/R4/organization.html\">Organization</a></td></tr><tr><td>Expression</td><td><code>Organization.extension.where(url='https://interop.esante.gouv.fr/ig/fhir/ror/StructureDefinition/ror-organization-drop-zone').value.as(boolean)</code></td></tr><tr><td>Multiples</td><td><ul><li>multipleAnd: It's up to the server whether the parameter may repeat in order to specify multiple values that must all be true</li><li>multipleOr: It's up to the server whether the parameter can have multiple values (separated by comma) where at least one must be true</li></ul></td></tr></table></div>"},"url":"https://interop.esante.gouv.fr/ig/fhir/ror/SearchParameter/ror-sp-organization-drop-zone","version":"0.6.0","name":"RORSPOrganizationDropZone","status":"active","date":"2025-07-10T13:45:16+00:00","publisher":"ANS","contact":[{"name":"ANS","telecom":[{"system":"url","value":"https://esante.gouv.fr"}]}],"description":"Paramètre de recherche permettant d'indiquer s'il y a une zone poser sur le site concerné","jurisdiction":[{"coding":[{"system":"urn:iso:std:iso:3166","code":"FR","display":"FRANCE"}]}],"code":"drop-zone","base":["Organization"],"type":"token","expression":"Organization.extension.where(url='https://interop.esante.gouv.fr/ig/fhir/ror/StructureDefinition/ror-organization-drop-zone').value.as(boolean)"}