{
  "resourceType" : "CodeSystem",
  "id" : "usage-context-ror-codesystem",
  "meta" : {
    "profile" : ["http://hl7.org/fhir/StructureDefinition/shareablecodesystem"]
  },
  "text" : {
    "status" : "generated",
    "div" : "<div xmlns=\"http://www.w3.org/1999/xhtml\"><p class=\"res-header-id\"><b>Narratif généré : CodeSystem usage-context-ror-codesystem</b></p><a name=\"usage-context-ror-codesystem\"> </a><a name=\"hcusage-context-ror-codesystem\"> </a><div style=\"display: inline-block; background-color: #d9e0e7; padding: 6px; margin: 4px; border: 1px solid #8da1b4; border-radius: 5px; line-height: 60%\"><p style=\"margin-bottom: 0px\"/><p style=\"margin-bottom: 0px\">Profil: <a href=\"http://hl7.org/fhir/R4/shareablecodesystem.html\">Shareable CodeSystem</a></p></div><p>This case-sensitive code system <code>https://interop.esante.gouv.fr/ig/fhir/ror/CodeSystem/usage-context-ror-codesystem</code> defines the following code:</p><table class=\"codes\"><tr><td style=\"white-space:nowrap\"><b>Code</b></td><td><b>Définition</b></td></tr><tr><td style=\"white-space:nowrap\">champAct<a name=\"usage-context-ror-codesystem-champAct\"> </a></td><td>Champ d'activité</td></tr></table></div>"
  },
  "url" : "https://interop.esante.gouv.fr/ig/fhir/ror/CodeSystem/usage-context-ror-codesystem",
  "version" : "0.6.0",
  "name" : "UsageContextRORCodeSystem",
  "status" : "draft",
  "experimental" : true,
  "date" : "2025-07-10T11:02:27+00:00",
  "publisher" : "ANS",
  "contact" : [{
    "name" : "ANS",
    "telecom" : [{
      "system" : "url",
      "value" : "https://esante.gouv.fr"
    }]
  }],
  "description" : "CodeSystem pour définir le type de catégorie du contexte d'usage des instances de questionnaire dans le cadre du ROR",
  "jurisdiction" : [{
    "coding" : [{
      "system" : "urn:iso:std:iso:3166",
      "code" : "FR",
      "display" : "FRANCE"
    }]
  }],
  "caseSensitive" : true,
  "compositional" : false,
  "content" : "complete",
  "count" : 1,
  "concept" : [{
    "code" : "champAct",
    "display" : "champAct",
    "definition" : "Champ d'activité"
  }]
}