<?xml version="1.0" encoding="UTF-8"?><SearchParameter xmlns="http://hl7.org/fhir"><id value="ror-sp-limit-value"/><text><status value="generated"/><div xmlns="http://www.w3.org/1999/xhtml"><h2>RORSPLimitValue</h2><p>Parameter <code>limit-value</code>:<code>quantity</code></p><div><p>Paramètre de recherche pour récupérer la valeur limite (poids, taille, etc..) de l'équipement</p>
</div><table class="grid"><tr><td>Resource</td><td><a href="http://hl7.org/fhir/R4/location.html">Location</a></td></tr><tr><td>Expression</td><td><code>Location.extension.where(url='https://interop.esante.gouv.fr/ig/fhir/ror/StructureDefinition/ror-location-equipment-limit').extension.where(url='limitValue').value.as(Quantity)</code></td></tr><tr><td>Multiples</td><td><ul><li>multipleAnd: It's up to the server whether the parameter may repeat in order to specify multiple values that must all be true</li><li>multipleOr: It's up to the server whether the parameter can have multiple values (separated by comma) where at least one must be true</li></ul></td></tr></table></div></text><url value="https://interop.esante.gouv.fr/ig/fhir/ror/SearchParameter/ror-sp-limit-value"/><version value="0.4.0-qa-preview-1"/><name value="RORSPLimitValue"/><status value="active"/><date value="2024-05-16T14:29:23+00:00"/><publisher value="ANS"/><contact><name value="ANS"/><telecom><system value="url"/><value value="https://esante.gouv.fr"/></telecom></contact><description value="Paramètre de recherche pour récupérer la valeur limite (poids, taille, etc..) de l'équipement"/><jurisdiction><coding><system value="urn:iso:std:iso:3166"/><code value="FR"/><display value="FRANCE"/></coding></jurisdiction><code value="limit-value"/><base value="Location"/><type value="quantity"/><expression value="Location.extension.where(url='https://interop.esante.gouv.fr/ig/fhir/ror/StructureDefinition/ror-location-equipment-limit').extension.where(url='limitValue').value.as(Quantity)"/></SearchParameter>