<?xml version="1.0" encoding="UTF-8"?>

<ValueSet xmlns="http://hl7.org/fhir">
  <id value="code-region-territorial-division-ror-valueset"/>
  <text>
    <status value="generated"/><div xmlns="http://www.w3.org/1999/xhtml"><p>This value set includes codes based on the following rules:</p><ul><li>Import all the codes that are contained in https://mos.esante.gouv.fr/NOS/JDV_J124-Commune/FHIR/JDV-J124-Commune</li><li>Import all the codes that are contained in <a href="https://interop.esante.gouv.fr/ig/nos/1.2.0/ValueSet-JDV-J248-DepartementOM-ROR.html">JDV_J248-DepartementOM-ROR</a></li><li>Import all the codes that are contained in <a href="https://interop.esante.gouv.fr/ig/nos/1.2.0/ValueSet-JDV-J237-RegionOM-ROR.html">JDV_J237-RegionOM-ROR</a></li><li>Import all the codes that are contained in <a href="https://interop.esante.gouv.fr/ig/nos/1.2.0/ValueSet-JDV-J249-TerritoireSante-ROR.html">JDV_J249-TerritoireSante-ROR</a></li><li>Import all the codes that are contained in <a href="https://interop.esante.gouv.fr/ig/nos/1.2.0/ValueSet-JDV-J247-Pays-ROR.html">JDV_J247-Pays-ROR</a></li></ul></div>
  </text>
  <url value="https://interop.esante.gouv.fr/ig/fhir/ror/ValueSet/code-region-territorial-division-ror-valueset"/>
  <version value="0.4.0-ballot-1"/>
  <name value="CodeRegionTerritorialDivisionRORValueSet"/>
  <title value="Fusion des valuesets pour le code de la division territoriale"/>
  <status value="active"/>
  <date value="2024-04-12T16:15:17+00:00"/>
  <publisher value="ANS"/>
  <contact>
    <name value="ANS"/>
    <telecom>
      <system value="url"/>
      <value value="https://esante.gouv.fr"/>
    </telecom>
  </contact>
  <jurisdiction>
    <coding>
      <system value="urn:iso:std:iso:3166"/>
      <code value="FR"/>
      <display value="FRANCE"/>
    </coding>
  </jurisdiction>
  <compose>
    <include>
      <valueSet value="https://mos.esante.gouv.fr/NOS/JDV_J124-Commune/FHIR/JDV-J124-Commune"/>
    </include>
    <include>
      <valueSet value="https://mos.esante.gouv.fr/NOS/JDV_J248-DepartementOM-ROR/FHIR/JDV-J248-DepartementOM-ROR"/>
    </include>
    <include>
      <valueSet value="https://mos.esante.gouv.fr/NOS/JDV_J237-RegionOM-ROR/FHIR/JDV-J237-RegionOM-ROR"/>
    </include>
    <include>
      <valueSet value="https://mos.esante.gouv.fr/NOS/JDV_J249-TerritoireSante-ROR/FHIR/JDV-J249-TerritoireSante-ROR"/>
    </include>
    <include>
      <valueSet value="https://mos.esante.gouv.fr/NOS/JDV_J247-Pays-ROR/FHIR/JDV-J247-Pays-ROR"/>
    </include>
  </compose>
</ValueSet>