{"resourceType":"SearchParameter","id":"ror-sp-residential-type","text":{"status":"generated","div":"<div xmlns=\"http://www.w3.org/1999/xhtml\"><p class=\"res-header-id\"><b>Generated Narrative: SearchParameter ror-sp-residential-type</b></p><a name=\"ror-sp-residential-type\"> </a><a name=\"hcror-sp-residential-type\"> </a><a name=\"ror-sp-residential-type-fr-FR\"> </a><h2>RORSPResidentialType</h2><p>Parameter <code>residential-type</code>:<code>token</code></p><div><p>Paramètre de recherche pour récupérer le type d'habitation</p>\n</div><table class=\"grid\"><tr><td>Resource</td><td><a href=\"http://hl7.org/fhir/R4/location.html\">Location</a></td></tr><tr><td>Expression</td><td><code>Location.extension.where(url='https://interop.esante.gouv.fr/ig/fhir/ror/StructureDefinition/ror-location-residential-capacity').extension.where(url='residentialType').value.as(CodeableConcept)</code></td></tr><tr><td>Multiples</td><td><ul><li>multipleAnd: It's up to the server whether the parameter may repeat in order to specify multiple values that must all be true</li><li>multipleOr: It's up to the server whether the parameter can have multiple values (separated by comma) where at least one must be true</li></ul></td></tr></table></div>"},"url":"https://interop.esante.gouv.fr/ig/fhir/ror/SearchParameter/ror-sp-residential-type","version":"0.4.0","name":"RORSPResidentialType","status":"active","date":"2024-12-09T10:48:09+00:00","publisher":"ANS","contact":[{"name":"ANS","telecom":[{"system":"url","value":"https://esante.gouv.fr"}]}],"description":"Paramètre de recherche pour récupérer le type d'habitation","jurisdiction":[{"coding":[{"system":"urn:iso:std:iso:3166","code":"FR","display":"FRANCE"}]}],"code":"residential-type","base":["Location"],"type":"token","expression":"Location.extension.where(url='https://interop.esante.gouv.fr/ig/fhir/ror/StructureDefinition/ror-location-residential-capacity').extension.where(url='residentialType').value.as(CodeableConcept)"}