{"resourceType":"SearchParameter","id":"ror-sp-organization-price-welcome-type","text":{"status":"generated","div":"<div xmlns=\"http://www.w3.org/1999/xhtml\"><p class=\"res-header-id\"><b>Generated Narrative: SearchParameter ror-sp-organization-price-welcome-type</b></p><a name=\"ror-sp-organization-price-welcome-type\"> </a><a name=\"hcror-sp-organization-price-welcome-type\"> </a><a name=\"ror-sp-organization-price-welcome-type-fr-FR\"> </a><h2>RORSPOrganizationPriceWelcomeType</h2><p>Parameter <code>price-welcome-type</code>:<code>token</code></p><div><p>Paramètre de recherche décrivant si le tarif s'applique à un hébergement permanent ou à un hébergement temporaire</p>\n</div><table class=\"grid\"><tr><td>Resource</td><td><a href=\"http://hl7.org/fhir/R4/organization.html\">Organization</a></td></tr><tr><td>Expression</td><td><code>Organization.extension.where(url='https://interop.esante.gouv.fr/ig/fhir/ror/StructureDefinition/ror-organization-price').extension.where(url='welcomeType').value.as(CodeableConcept)</code></td></tr><tr><td>Multiples</td><td><ul><li>multipleAnd: It's up to the server whether the parameter may repeat in order to specify multiple values that must all be true</li><li>multipleOr: It's up to the server whether the parameter can have multiple values (separated by comma) where at least one must be true</li></ul></td></tr></table></div>"},"url":"https://interop.esante.gouv.fr/ig/fhir/ror/SearchParameter/ror-sp-organization-price-welcome-type","version":"0.4.0-snapshot-2","name":"RORSPOrganizationPriceWelcomeType","status":"active","date":"2024-12-05T14:59:16+00:00","publisher":"ANS","contact":[{"name":"ANS","telecom":[{"system":"url","value":"https://esante.gouv.fr"}]}],"description":"Paramètre de recherche décrivant si le tarif s'applique à un hébergement permanent ou à un hébergement temporaire","jurisdiction":[{"coding":[{"system":"urn:iso:std:iso:3166","code":"FR","display":"FRANCE"}]}],"code":"price-welcome-type","base":["Organization"],"type":"token","expression":"Organization.extension.where(url='https://interop.esante.gouv.fr/ig/fhir/ror/StructureDefinition/ror-organization-price').extension.where(url='welcomeType').value.as(CodeableConcept)"}