{
  "resourceType" : "ValueSet",
  "id" : "dc24aeb6-40be-4042-a7d1-25f1fb0eee41-176",
  "url" : "http://hl7.org/fhir/comparison/ValueSet/dc24aeb6-40be-4042-a7d1-25f1fb0eee41-176",
  "name" : "UnionActTypeRORValueSetAndActTypeRORValueSet",
  "title" : "Union of Valueset type d'acte And Valueset type d'acte",
  "status" : "active",
  "date" : "2024-05-16T15:08:25+00:00",
  "jurisdiction" : [{
    "coding" : [{
      "system" : "urn:iso:std:iso:3166",
      "code" : "FR",
      "display" : "FRANCE"
    }]
  }]
}