{"resourceType":"SearchParameter","id":"ror-sp-organization-price-type","text":{"status":"generated","div":"<div xmlns=\"http://www.w3.org/1999/xhtml\"><p class=\"res-header-id\"><b>Generated Narrative: SearchParameter ror-sp-organization-price-type</b></p><a name=\"ror-sp-organization-price-type\"> </a><a name=\"hcror-sp-organization-price-type\"> </a><a name=\"ror-sp-organization-price-type-fr-FR\"> </a><h2>RORSPOrganizationPriceType</h2><p>Parameter <code>price-type</code>:<code>token</code></p><div><p>Paramètre de recherche sur le type de tarif</p>\n</div><table class=\"grid\"><tr><td>Resource</td><td><a href=\"http://hl7.org/fhir/R4/organization.html\">Organization</a></td></tr><tr><td>Expression</td><td><code>Organization.extension.where(url='https://interop.esante.gouv.fr/ig/fhir/ror/StructureDefinition/ror-organization-price').extension.where(url='priceType').value.as(CodeableConcept)</code></td></tr><tr><td>Multiples</td><td><ul><li>multipleAnd: It's up to the server whether the parameter may repeat in order to specify multiple values that must all be true</li><li>multipleOr: It's up to the server whether the parameter can have multiple values (separated by comma) where at least one must be true</li></ul></td></tr></table></div>"},"url":"https://interop.esante.gouv.fr/ig/fhir/ror/SearchParameter/ror-sp-organization-price-type","version":"0.5.0-snapshot-1","name":"RORSPOrganizationPriceType","status":"active","date":"2025-01-24T16:30:15+00:00","publisher":"ANS","contact":[{"name":"ANS","telecom":[{"system":"url","value":"https://esante.gouv.fr"}]}],"description":"Paramètre de recherche sur le type de tarif","jurisdiction":[{"coding":[{"system":"urn:iso:std:iso:3166","code":"FR","display":"FRANCE"}]}],"code":"price-type","base":["Organization"],"type":"token","expression":"Organization.extension.where(url='https://interop.esante.gouv.fr/ig/fhir/ror/StructureDefinition/ror-organization-price').extension.where(url='priceType').value.as(CodeableConcept)"}