{
  "resourceType" : "CodeSystem",
  "id" : "input-task-ror-codesystem",
  "text" : {
    "status" : "generated",
    "div" : "<div xmlns=\"http://www.w3.org/1999/xhtml\"><p>This case-sensitive code system <code>https://interop.esante.gouv.fr/ig/fhir/ror/CodeSystem/input-task-ror-codesystem</code> defines the following codes:</p><table class=\"codes\"><tr><td style=\"white-space:nowrap\"><b>Code</b></td><td><b>Definition</b></td></tr><tr><td style=\"white-space:nowrap\">ruleErrorId<a name=\"input-task-ror-codesystem-ruleErrorId\"> </a></td><td>Identifiant de la règle à l'origine de l'anomalie</td></tr><tr><td style=\"white-space:nowrap\">errorValue<a name=\"input-task-ror-codesystem-errorValue\"> </a></td><td>donnée erronée</td></tr><tr><td style=\"white-space:nowrap\">proposedValue<a name=\"input-task-ror-codesystem-proposedValue\"> </a></td><td>nouvelle valeur proposée</td></tr><tr><td style=\"white-space:nowrap\">pathElementError<a name=\"input-task-ror-codesystem-pathElementError\"> </a></td><td>élément en erreur dans la ressource</td></tr><tr><td style=\"white-space:nowrap\">systemRequester<a name=\"input-task-ror-codesystem-systemRequester\"> </a></td><td>système déclarant l'anomalie</td></tr><tr><td style=\"white-space:nowrap\">identifierRequester<a name=\"input-task-ror-codesystem-identifierRequester\"> </a></td><td>Identifiant du déclarant de l'anomalie</td></tr></table></div>"
  },
  "url" : "https://interop.esante.gouv.fr/ig/fhir/ror/CodeSystem/input-task-ror-codesystem",
  "version" : "0.4.0-ballot-1",
  "name" : "InputTaskRORCodeSystem",
  "status" : "active",
  "date" : "2024-03-28T13:28:20+00:00",
  "publisher" : "ANS",
  "contact" : [{
    "name" : "ANS",
    "telecom" : [{
      "system" : "url",
      "value" : "https://esante.gouv.fr"
    }]
  }],
  "description" : "Code System pour la définition des éléments spécifiques de input dans ressource RORTask",
  "jurisdiction" : [{
    "coding" : [{
      "system" : "urn:iso:std:iso:3166",
      "code" : "FR",
      "display" : "FRANCE"
    }]
  }],
  "caseSensitive" : true,
  "compositional" : false,
  "content" : "complete",
  "count" : 6,
  "concept" : [{
    "code" : "ruleErrorId",
    "display" : "ruleErrorId",
    "definition" : "Identifiant de la règle à l'origine de l'anomalie"
  },
  {
    "code" : "errorValue",
    "display" : "errorValue",
    "definition" : "donnée erronée"
  },
  {
    "code" : "proposedValue",
    "display" : "proposedValue",
    "definition" : "nouvelle valeur proposée"
  },
  {
    "code" : "pathElementError",
    "display" : "pathElementError",
    "definition" : "élément en erreur dans la ressource"
  },
  {
    "code" : "systemRequester",
    "display" : "systemRequester",
    "definition" : "système déclarant l'anomalie"
  },
  {
    "code" : "identifierRequester",
    "display" : "identifierRequester",
    "definition" : "Identifiant du déclarant de l'anomalie"
  }]
}