{
  "resourceType" : "CodeSystem",
  "id" : "act-type-ror-codesystem",
  "text" : {
    "status" : "generated",
    "div" : "<div xmlns=\"http://www.w3.org/1999/xhtml\"><p>This case-sensitive code system <code>https://interop.esante.gouv.fr/ig/fhir/ror/CodeSystem/act-type-ror-codesystem</code> defines the following codes:</p><table class=\"codes\"><tr><td style=\"white-space:nowrap\"><b>Code</b></td><td><b>Definition</b></td></tr><tr><td style=\"white-space:nowrap\">specificAct<a name=\"act-type-ror-codesystem-specificAct\"> </a></td><td>Acte spécifique</td></tr><tr><td style=\"white-space:nowrap\">outsideOfficeAct<a name=\"act-type-ror-codesystem-outsideOfficeAct\"> </a></td><td>Acte hors cabinet</td></tr></table></div>"
  },
  "url" : "https://interop.esante.gouv.fr/ig/fhir/ror/CodeSystem/act-type-ror-codesystem",
  "version" : "0.4.0-ballot-1",
  "name" : "ActTypeRORCodeSystem",
  "status" : "active",
  "date" : "2024-04-11T09:33:38+00:00",
  "publisher" : "ANS",
  "contact" : [{
    "name" : "ANS",
    "telecom" : [{
      "system" : "url",
      "value" : "https://esante.gouv.fr"
    }]
  }],
  "description" : "CodeSystem pour le type d'acte pour les slices de characteristic concernant les actes dans la ressource ROR HealthcareService",
  "jurisdiction" : [{
    "coding" : [{
      "system" : "urn:iso:std:iso:3166",
      "code" : "FR",
      "display" : "FRANCE"
    }]
  }],
  "caseSensitive" : true,
  "compositional" : false,
  "content" : "complete",
  "count" : 2,
  "concept" : [{
    "code" : "specificAct",
    "display" : "specificAct",
    "definition" : "Acte spécifique"
  },
  {
    "code" : "outsideOfficeAct",
    "display" : "outsideOfficeAct",
    "definition" : "Acte hors cabinet"
  }]
}