{
  "resourceType" : "SearchParameter",
  "id" : "ror-sp-organization-price-amount-value",
  "text" : {
    "status" : "generated",
    "div" : "<div xmlns=\"http://www.w3.org/1999/xhtml\"><p class=\"res-header-id\"><b>Generated Narrative: SearchParameter ror-sp-organization-price-amount-value</b></p><a name=\"ror-sp-organization-price-amount-value\"> </a><a name=\"hcror-sp-organization-price-amount-value\"> </a><a name=\"ror-sp-organization-price-amount-value-fr-FR\"> </a><h2>RORSPOrganizationPriceAmountValue</h2><p>Parameter <code>amount-value</code>:<code>number</code></p><div><p>Paramètre de recherche sur la valeur du tarif des prestations et services</p>\n</div><table class=\"grid\"><tr><td>Resource</td><td><a href=\"http://hl7.org/fhir/R4/organization.html\">Organization</a></td></tr><tr><td>Expression</td><td><code>Organization.extension.where(url='https://interop.esante.gouv.fr/ig/fhir/ror/StructureDefinition/ror-organization-price').extension.where(url='amount').value.as(Money).value</code></td></tr><tr><td>Multiples</td><td><ul><li>multipleAnd: It's up to the server whether the parameter may repeat in order to specify multiple values that must all be true</li><li>multipleOr: It's up to the server whether the parameter can have multiple values (separated by comma) where at least one must be true</li></ul></td></tr></table></div>"
  },
  "url" : "https://interop.esante.gouv.fr/ig/fhir/ror/SearchParameter/ror-sp-organization-price-amount-value",
  "version" : "0.5.0-snapshot-1",
  "name" : "RORSPOrganizationPriceAmountValue",
  "status" : "active",
  "date" : "2024-12-16T09:31:22+00:00",
  "publisher" : "ANS",
  "contact" : [{
    "name" : "ANS",
    "telecom" : [{
      "system" : "url",
      "value" : "https://esante.gouv.fr"
    }]
  }],
  "description" : "Paramètre de recherche sur la valeur du tarif des prestations et services",
  "jurisdiction" : [{
    "coding" : [{
      "system" : "urn:iso:std:iso:3166",
      "code" : "FR",
      "display" : "FRANCE"
    }]
  }],
  "code" : "amount-value",
  "base" : ["Organization"],
  "type" : "number",
  "expression" : "Organization.extension.where(url='https://interop.esante.gouv.fr/ig/fhir/ror/StructureDefinition/ror-organization-price').extension.where(url='amount').value.as(Money).value"
}