{"resourceType":"SearchParameter","id":"ror-sp-healthcareservice-patient-type","text":{"status":"generated","div":"<div xmlns=\"http://www.w3.org/1999/xhtml\"><p class=\"res-header-id\"><b>Generated Narrative: SearchParameter ror-sp-healthcareservice-patient-type</b></p><a name=\"ror-sp-healthcareservice-patient-type\"> </a><a name=\"hcror-sp-healthcareservice-patient-type\"> </a><a name=\"ror-sp-healthcareservice-patient-type-fr-FR\"> </a><h2>RORHealthcareServiceSupportedPatientType</h2><p>Paramètre <code>patient-type</code>:<code>token</code></p><div><p>Paramètre de recherche décrivant le public pris en charge</p>\n</div><table class=\"grid\"><tr><td>Ressource</td><td><a href=\"http://hl7.org/fhir/R4/healthcareservice.html\">HealthcareService</a></td></tr><tr><td>Expression</td><td><code>HealthcareService.extension.where(url='https://interop.esante.gouv.fr/ig/fhir/ror/StructureDefinition/ror-healthcareservice-patient-type').extension.where(url='supportedPatientInfo').value.as(CodeableConcept)</code></td></tr><tr><td>Multiples</td><td><ul><li>multipleAnd: It's up to the server whether the parameter may repeat in order to specify multiple values that must all be true</li><li>multipleOr: It's up to the server whether the parameter can have multiple values (separated by comma) where at least one must be true</li></ul></td></tr></table></div>"},"url":"https://interop.esante.gouv.fr/ig/fhir/ror/SearchParameter/ror-sp-healthcareservice-patient-type","version":"0.7.0-snapshot-1","name":"RORHealthcareServiceSupportedPatientType","status":"active","date":"2026-01-20T13:21:46+00:00","publisher":"ANS","contact":[{"name":"ANS","telecom":[{"system":"url","value":"https://esante.gouv.fr"}]}],"description":"Paramètre de recherche décrivant le public pris en charge","jurisdiction":[{"coding":[{"system":"urn:iso:std:iso:3166","code":"FR","display":"FRANCE"}]}],"code":"patient-type","base":["HealthcareService"],"type":"token","expression":"HealthcareService.extension.where(url='https://interop.esante.gouv.fr/ig/fhir/ror/StructureDefinition/ror-healthcareservice-patient-type').extension.where(url='supportedPatientInfo').value.as(CodeableConcept)"}