{
  "resourceType" : "Bundle",
  "id" : "7a077d6a-cb7d-4a19-8f53-62a86bfaded1",
  "meta" : {
    "lastUpdated" : "2024-04-11T09:20:37.831+00:00"
  },
  "type" : "collection",
  "entry" : [{
    "fullUrl" : "https://interop.esante.gouv.fr/ig/fhir/ror/ValueSet/act-type-ror-valueset",
    "resource" : {
      "resourceType" : "ValueSet",
      "text" : {
        "status" : "generated",
        "div" : "<div xmlns=\"http://www.w3.org/1999/xhtml\"><p style=\"border: black 1px dotted; background-color: #EEEEEE; padding: 8px; margin-bottom: 8px\">Expansion based on <a href=\"CodeSystem-act-type-ror-codesystem.html\">codesystem ActTypeRORCodeSystem v0.4.0-ballot-1 (CodeSystem)</a></p><p>This value set contains 2 concepts.</p><table class=\"codes\"><tr><td style=\"white-space:nowrap\"><b>Code</b></td><td><b>System</b></td><td><b>Display</b></td><td><b>Definition</b></td></tr><tr><td style=\"white-space:nowrap\"><a name=\"https---interop.esante.gouv.fr-ig-fhir-ror-CodeSystem-act-type-ror-codesystem-specificAct\"> </a>\u00a0\u00a0<a href=\"CodeSystem-act-type-ror-codesystem.html#act-type-ror-codesystem-specificAct\">specificAct</a></td><td>https://interop.esante.gouv.fr/ig/fhir/ror/CodeSystem/act-type-ror-codesystem</td><td>specificAct</td><td><div><p>Acte spécifique</p>\n</div></td></tr><tr><td style=\"white-space:nowrap\"><a name=\"https---interop.esante.gouv.fr-ig-fhir-ror-CodeSystem-act-type-ror-codesystem-outsideOfficeAct\"> </a>\u00a0\u00a0<a href=\"CodeSystem-act-type-ror-codesystem.html#act-type-ror-codesystem-outsideOfficeAct\">outsideOfficeAct</a></td><td>https://interop.esante.gouv.fr/ig/fhir/ror/CodeSystem/act-type-ror-codesystem</td><td>outsideOfficeAct</td><td><div><p>Acte hors cabinet</p>\n</div></td></tr></table></div>"
      },
      "url" : "https://interop.esante.gouv.fr/ig/fhir/ror/ValueSet/act-type-ror-valueset",
      "version" : "0.4.0-ballot-1",
      "name" : "ActTypeRORValueSet",
      "title" : "Valueset type d'acte",
      "status" : "active",
      "date" : "2024-04-11T09:20:37+00:00",
      "jurisdiction" : [{
        "coding" : [{
          "system" : "urn:iso:std:iso:3166",
          "code" : "FR",
          "display" : "FRANCE"
        }]
      }],
      "expansion" : {
        "identifier" : "urn:uuid:f38cccf4-313f-4fef-b713-c2adaf3918ea",
        "timestamp" : "2024-04-11T09:21:39+00:00",
        "total" : 2,
        "offset" : 0,
        "parameter" : [{
          "name" : "count",
          "valueInteger" : 1000
        },
        {
          "name" : "offset",
          "valueInteger" : 0
        },
        {
          "name" : "excludeNested",
          "valueBoolean" : false
        },
        {
          "name" : "used-codesystem",
          "valueUri" : "https://interop.esante.gouv.fr/ig/fhir/ror/CodeSystem/act-type-ror-codesystem|0.4.0-ballot-1"
        }],
        "contains" : [{
          "system" : "https://interop.esante.gouv.fr/ig/fhir/ror/CodeSystem/act-type-ror-codesystem",
          "code" : "specificAct",
          "display" : "specificAct"
        },
        {
          "system" : "https://interop.esante.gouv.fr/ig/fhir/ror/CodeSystem/act-type-ror-codesystem",
          "code" : "outsideOfficeAct",
          "display" : "outsideOfficeAct"
        }]
      }
    }
  },
  {
    "fullUrl" : "https://interop.esante.gouv.fr/ig/fhir/ror/ValueSet/ror-include-associated-data-vs",
    "resource" : {
      "resourceType" : "ValueSet",
      "text" : {
        "status" : "generated",
        "div" : "<div xmlns=\"http://www.w3.org/1999/xhtml\"><div style=\"border: black 1px dotted; background-color: #EEEEEE; padding: 8px; margin-bottom: 8px\"><p>Expansion based on: </p><ul><li><a href=\"http://hl7.org/fhir/uv/bulkdata/STU2/CodeSystem-include-associated-data.html\">codesystem Include Associated Data Code System v2.0.0 (CodeSystem)</a></li><li><a href=\"CodeSystem-ror-include-associated-data-code-system.html\">codesystem Code System (CS) utilisé pour étendre le CS original avec le query parameter includeAssociatedData v0.4.0-ballot-1 (CodeSystem)</a></li></ul></div><p>This value set contains 3 concepts.</p><table class=\"codes\"><tr><td style=\"white-space:nowrap\"><b>Code</b></td><td><b>System</b></td><td><b>Display</b></td><td><b>Definition</b></td></tr><tr><td style=\"white-space:nowrap\"><a name=\"http---hl7.org-fhir-uv-bulkdata-CodeSystem-include-associated-data-LatestProvenanceResources\"> </a>\u00a0\u00a0<a href=\"http://hl7.org/fhir/uv/bulkdata/STU2/CodeSystem-include-associated-data.html#include-associated-data-LatestProvenanceResources\">LatestProvenanceResources</a></td><td>http://hl7.org/fhir/uv/bulkdata/CodeSystem/include-associated-data</td><td>LatestProvenanceResources</td><td><div><p>Export will include the most recent Provenance resources associated with each of the non-provenance resources being returned. Other Provenance resources will not be returned.</p>\n</div></td></tr><tr><td style=\"white-space:nowrap\"><a name=\"http---hl7.org-fhir-uv-bulkdata-CodeSystem-include-associated-data-RelevantProvenanceResources\"> </a>\u00a0\u00a0<a href=\"http://hl7.org/fhir/uv/bulkdata/STU2/CodeSystem-include-associated-data.html#include-associated-data-RelevantProvenanceResources\">RelevantProvenanceResources</a></td><td>http://hl7.org/fhir/uv/bulkdata/CodeSystem/include-associated-data</td><td>RelevantProvenanceResources</td><td><div><p>Export will include all Provenance resources associated with each of the non-provenance resources being returned.</p>\n</div></td></tr><tr><td style=\"white-space:nowrap\"><a name=\"https---interop.esante.gouv.fr-ig-fhir-ror-CodeSystem-ror-include-associated-data-code-system--myCompleteExtract\"> </a>\u00a0\u00a0<a href=\"CodeSystem-ror-include-associated-data-code-system.html#ror-include-associated-data-code-system-_myCompleteExtract\">_myCompleteExtract</a></td><td>https://interop.esante.gouv.fr/ig/fhir/ror/CodeSystem/ror-include-associated-data-code-system</td><td>Extraction complète</td><td><div><p>Valeur personnalisée pour  le query parameter includeAssociatedData de l'opération export, afin d'inclure toutes les ressources liées à la ressource identifiée dans _type.</p>\n</div></td></tr></table></div>"
      },
      "url" : "https://interop.esante.gouv.fr/ig/fhir/ror/ValueSet/ror-include-associated-data-vs",
      "version" : "0.4.0-ballot-1",
      "name" : "RorIncludeAssociatedDataVS",
      "title" : "Value Set afin d'étendre le Value Set pour query parameter includeAssociatedData",
      "status" : "active",
      "date" : "2024-04-11T09:20:37+00:00",
      "jurisdiction" : [{
        "coding" : [{
          "system" : "urn:iso:std:iso:3166",
          "code" : "FR",
          "display" : "FRANCE"
        }]
      }],
      "expansion" : {
        "identifier" : "urn:uuid:94ff2b13-efa9-4461-8730-c16dcb1c0c1e",
        "timestamp" : "2024-04-11T09:21:39+00:00",
        "total" : 3,
        "offset" : 0,
        "parameter" : [{
          "name" : "count",
          "valueInteger" : 1000
        },
        {
          "name" : "offset",
          "valueInteger" : 0
        },
        {
          "name" : "excludeNested",
          "valueBoolean" : false
        },
        {
          "name" : "used-codesystem",
          "valueUri" : "http://hl7.org/fhir/uv/bulkdata/CodeSystem/include-associated-data|2.0.0"
        },
        {
          "name" : "used-codesystem",
          "valueUri" : "https://interop.esante.gouv.fr/ig/fhir/ror/CodeSystem/ror-include-associated-data-code-system|0.4.0-ballot-1"
        }],
        "contains" : [{
          "system" : "http://hl7.org/fhir/uv/bulkdata/CodeSystem/include-associated-data",
          "code" : "LatestProvenanceResources",
          "display" : "LatestProvenanceResources"
        },
        {
          "system" : "http://hl7.org/fhir/uv/bulkdata/CodeSystem/include-associated-data",
          "code" : "RelevantProvenanceResources",
          "display" : "RelevantProvenanceResources"
        },
        {
          "system" : "https://interop.esante.gouv.fr/ig/fhir/ror/CodeSystem/ror-include-associated-data-code-system",
          "code" : "_myCompleteExtract",
          "display" : "Extraction complète"
        }]
      }
    }
  }]
}