{
  "resourceType" : "CodeSystem",
  "id" : "2ce15109-081a-41a5-be4c-8c6da4991dc8-9",
  "url" : "http://hl7.org/fhir/comparison/CodeSystem/2ce15109-081a-41a5-be4c-8c6da4991dc8-9",
  "name" : "IntersectionOutputTaskRORCodeSystemAndOutputTaskRORCodeSystem",
  "title" : "Intersection of null And null",
  "status" : "active",
  "date" : "2024-04-03T10:17:04+00:00",
  "jurisdiction" : [{
    "coding" : [{
      "system" : "urn:iso:std:iso:3166",
      "code" : "FR",
      "display" : "FRANCE"
    }]
  }],
  "concept" : [{
    "code" : "newValue",
    "display" : "newValue",
    "definition" : "Nouvelle valeur renseignée"
  },
  {
    "code" : "identifierAnalyst",
    "display" : "identifierAnalyst",
    "definition" : "identifiant du destinataire du traitement de la demande"
  }]
}