{
  "resourceType" : "CodeSystem",
  "id" : "396f344b-fff7-447f-976f-85ca91e6c025-8",
  "url" : "http://hl7.org/fhir/comparison/CodeSystem/396f344b-fff7-447f-976f-85ca91e6c025-8",
  "name" : "UnionOutputTaskRORCodeSystemAndOutputTaskRORCodeSystem",
  "title" : "Union of null And null",
  "status" : "draft",
  "date" : "2025-01-24T13:25:57+00:00",
  "jurisdiction" : [{
    "coding" : [{
      "system" : "urn:iso:std:iso:3166",
      "code" : "FR",
      "display" : "FRANCE"
    }]
  }],
  "concept" : [{
    "code" : "newValue",
    "display" : "newValue",
    "definition" : "Nouvelle valeur renseignée"
  },
  {
    "code" : "identifierAnalyst",
    "display" : "identifierAnalyst",
    "definition" : "identifiant du destinataire du traitement de la demande"
  }]
}