{
  "resourceType" : "CodeSystem",
  "id" : "88d3bb29-bd5f-489c-a322-2b3c9ee33392-11",
  "url" : "http://hl7.org/fhir/comparison/CodeSystem/88d3bb29-bd5f-489c-a322-2b3c9ee33392-11",
  "name" : "UnionRorIncludeAssociatedDataCodeSystemAndRorIncludeAssociatedDataCodeSystem",
  "title" : "Union of Code System (CS) utilisé pour étendre le CS original avec le query parameter includeAssociatedData And Code System (CS) utilisé pour étendre le CS original avec le query parameter includeAssociatedData",
  "status" : "active",
  "date" : "2024-03-19T13:17:43+00:00",
  "jurisdiction" : [{
    "coding" : [{
      "system" : "urn:iso:std:iso:3166",
      "code" : "FR",
      "display" : "FRANCE"
    }]
  }],
  "concept" : [{
    "code" : "_myCompleteExtract",
    "display" : "Extraction complète",
    "definition" : "Valeur personnalisée pour  le query parameter includeAssociatedData de l'opération export, afin d'inclure toutes les ressources liées à la ressource identifiée dans _type."
  }]
}