{
  "resourceType" : "StructureDefinition",
  "id" : "1e859ed3-d41a-4d5d-858f-3906a00cb3ac-135",
  "url" : "http://hl7.org/fhir/comparison/StructureDefinition/1e859ed3-d41a-4d5d-858f-3906a00cb3ac-135",
  "name" : "IntersectionROROrganizationFinancialHelpTypeAndROROrganizationFinancialHelpType",
  "title" : "Intersection of null And null",
  "status" : "active",
  "date" : "2024-03-19T15:04:08+00:00",
  "jurisdiction" : [{
    "coding" : [{
      "system" : "urn:iso:std:iso:3166",
      "code" : "FR",
      "display" : "FRANCE"
    }]
  }],
  "snapshot" : {
    "element" : [{
      "path" : "Extension",
      "short" : "Extension",
      "definition" : "Extension créée dans le cadre du ROR pour préciser l'aide financière pour laquelle l'EG dispose d'une habilitation ou conventionnement qui permet aux personnes accueillies d'en bénéficier si elles remplissent les conditions.",
      "min" : 0,
      "max" : "*",
      "constraint" : [{
        "extension" : [{
          "url" : "http://hl7.org/fhir/4.0/StructureDefinition/extension-ElementDefinition.constraint.xpath",
          "valueString" : "@value|f:*|h:div"
        }],
        "key" : "ele-1",
        "severity" : "error",
        "human" : "All FHIR elements must have a @value or children",
        "expression" : "hasValue() or (children().count() > id.count())",
        "source" : "http://hl7.org/fhir/StructureDefinition/Element"
      },
      {
        "extension" : [{
          "url" : "http://hl7.org/fhir/4.0/StructureDefinition/extension-ElementDefinition.constraint.xpath",
          "valueString" : "exists(f:extension)!=exists(f:*[starts-with(local-name(.), 'value')])"
        }],
        "key" : "ext-1",
        "severity" : "error",
        "human" : "Must have either extensions or value[x], not both",
        "expression" : "extension.exists() != value.exists()",
        "source" : "http://hl7.org/fhir/StructureDefinition/Extension"
      }],
      "mustSupport" : false,
      "isModifier" : false,
      "isSummary" : false
    },
    {
      "path" : "Extension.id",
      "representation" : ["xmlAttr"],
      "short" : "Unique id for inter-element referencing",
      "definition" : "Unique id for the element within a resource (for internal references). This may be any string value that does not contain spaces.",
      "min" : 0,
      "max" : "1",
      "type" : [{
        "extension" : [{
          "url" : "http://hl7.org/fhir/StructureDefinition/structuredefinition-fhir-type",
          "valueUrl" : "string"
        }],
        "code" : "http://hl7.org/fhirpath/System.String"
      }],
      "mustSupport" : false,
      "isModifier" : false,
      "isSummary" : false,
      "mapping" : [{
        "identity" : "rim",
        "map" : "n/a"
      }]
    },
    {
      "path" : "Extension.extension",
      "short" : "Extension",
      "definition" : "An Extension",
      "min" : 0,
      "max" : "0",
      "type" : [{
        "code" : "Extension"
      }],
      "constraint" : [{
        "extension" : [{
          "url" : "http://hl7.org/fhir/4.0/StructureDefinition/extension-ElementDefinition.constraint.xpath",
          "valueString" : "@value|f:*|h:div"
        }],
        "key" : "ele-1",
        "severity" : "error",
        "human" : "All FHIR elements must have a @value or children",
        "expression" : "hasValue() or (children().count() > id.count())",
        "source" : "http://hl7.org/fhir/StructureDefinition/Element"
      },
      {
        "extension" : [{
          "url" : "http://hl7.org/fhir/4.0/StructureDefinition/extension-ElementDefinition.constraint.xpath",
          "valueString" : "exists(f:extension)!=exists(f:*[starts-with(local-name(.), 'value')])"
        }],
        "key" : "ext-1",
        "severity" : "error",
        "human" : "Must have either extensions or value[x], not both",
        "expression" : "extension.exists() != value.exists()",
        "source" : "http://hl7.org/fhir/StructureDefinition/DomainResource"
      }],
      "mustSupport" : false,
      "isModifier" : false,
      "isSummary" : false
    },
    {
      "path" : "Extension.url",
      "representation" : ["xmlAttr"],
      "short" : "identifies the meaning of the extension",
      "definition" : "Source of the definition for the extension code - a logical name or a URL.",
      "comment" : "The definition may point directly to a computable or human-readable definition of the extensibility codes, or it may be a logical URI as declared in some other specification. The definition SHALL be a URI for the Structure Definition defining the extension.",
      "min" : 1,
      "max" : "1",
      "type" : [{
        "extension" : [{
          "url" : "http://hl7.org/fhir/StructureDefinition/structuredefinition-fhir-type",
          "valueUrl" : "uri"
        }],
        "code" : "http://hl7.org/fhirpath/System.String"
      }],
      "mustSupport" : false,
      "isModifier" : false,
      "isSummary" : false,
      "mapping" : [{
        "identity" : "rim",
        "map" : "N/A"
      }]
    },
    {
      "path" : "Extension.value[x]",
      "short" : "Value of extension",
      "definition" : "Value of extension - must be one of a constrained set of the data types (see [Extensibility] for a list).",
      "min" : 0,
      "max" : "1",
      "type" : [{
        "code" : "CodeableConcept"
      }],
      "constraint" : [{
        "extension" : [{
          "url" : "http://hl7.org/fhir/4.0/StructureDefinition/extension-ElementDefinition.constraint.xpath",
          "valueString" : "@value|f:*|h:div"
        }],
        "key" : "ele-1",
        "severity" : "error",
        "human" : "All FHIR elements must have a @value or children",
        "expression" : "hasValue() or (children().count() > id.count())",
        "source" : "http://hl7.org/fhir/StructureDefinition/Element"
      }],
      "mustSupport" : false,
      "isModifier" : false,
      "isSummary" : false,
      "binding" : {
        "strength" : "required",
        "valueSet" : "https://mos.esante.gouv.fr/NOS/JDV_J31-AideFinanciere-ROR/FHIR/JDV-J31-AideFinanciere-ROR"
      },
      "mapping" : [{
        "identity" : "rim",
        "map" : "n/a"
      },
      {
        "identity" : "rim",
        "map" : "N/A"
      },
      {
        "identity" : "specmetier-to-ROROrganizationFinancialHelpType",
        "map" : "aideFinanciere"
      }]
    }]
  }
}