{
  "resourceType" : "ValueSet",
  "id" : "3a13cf91-63ed-4b12-8465-bb6dd54ed875-192",
  "url" : "http://hl7.org/fhir/comparison/ValueSet/3a13cf91-63ed-4b12-8465-bb6dd54ed875-192",
  "name" : "IntersectionRORUsageContextTypeVSAndRORUsageContextTypeVS",
  "title" : "Intersection of Value Set type pour le contexte d'usage de la fiche de saisie And Value Set type pour le contexte d'usage de la fiche de saisie",
  "status" : "draft",
  "date" : "2024-09-18T14:23:18+00:00",
  "jurisdiction" : [{
    "coding" : [{
      "system" : "urn:iso:std:iso:3166",
      "code" : "FR",
      "display" : "FRANCE"
    }]
  }],
  "compose" : {
    "include" : [{
      
    },
    {
      "concept" : [{
        "code" : "EG"
      }]
    },
    {
      "concept" : [{
        "code" : "S"
      }]
    },
    {
      "concept" : [{
        "code" : "P01"
      }]
    }]
  }
}