<?xml version="1.0" encoding="UTF-8"?><SearchParameter xmlns="http://hl7.org/fhir"><id value="ror-sp-healthcareservice-age-range-high"/><text><status value="generated"/><div xmlns="http://www.w3.org/1999/xhtml"><h2>RORHealthcareServiceAgeRangeHigh</h2><p>Parameter <code>age-range-high</code>:<code>quantity</code></p><div><p>Paramètre de recherche décrivant l'age maximum de la patientèle</p>
</div><table class="grid"><tr><td>Resource</td><td><a href="http://hl7.org/fhir/R4/healthcareservice.html">HealthcareService</a></td></tr><tr><td>Expression</td><td><code>HealthcareService.extension.where(url = 'https://interop.esante.gouv.fr/ig/fhir/ror/StructureDefinition/ror-healthcareservice-patient-type').extension.where(url = 'ageRange').value.as(Range).high</code></td></tr><tr><td>Multiples</td><td><ul><li>multipleAnd: It's up to the server whether the parameter may repeat in order to specify multiple values that must all be true</li><li>multipleOr: It's up to the server whether the parameter can have multiple values (separated by comma) where at least one must be true</li></ul></td></tr><tr><td>Comparators</td><td>Allowed: eq, ne, gt, lt, ge, le, sa, eb, ap</td></tr></table></div></text><url value="https://interop.esante.gouv.fr/ig/fhir/ror/SearchParameter/ror-sp-healthcareservice-age-range-high"/><version value="0.4.0-ballot-1"/><name value="RORHealthcareServiceAgeRangeHigh"/><status value="active"/><date value="2024-04-08T14:06:04+00:00"/><publisher value="ANS"/><contact><name value="ANS"/><telecom><system value="url"/><value value="https://esante.gouv.fr"/></telecom></contact><description value="Paramètre de recherche décrivant l'age maximum de la patientèle"/><jurisdiction><coding><system value="urn:iso:std:iso:3166"/><code value="FR"/><display value="FRANCE"/></coding></jurisdiction><code value="age-range-high"/><base value="HealthcareService"/><type value="quantity"/><expression value="HealthcareService.extension.where(url = 'https://interop.esante.gouv.fr/ig/fhir/ror/StructureDefinition/ror-healthcareservice-patient-type').extension.where(url = 'ageRange').value.as(Range).high"/><comparator value="eq"/><comparator value="ne"/><comparator value="gt"/><comparator value="lt"/><comparator value="ge"/><comparator value="le"/><comparator value="sa"/><comparator value="eb"/><comparator value="ap"/></SearchParameter>