<?xml version="1.0" encoding="UTF-8"?><SearchParameter xmlns="http://hl7.org/fhir"><id value="ror-sp-healthcareservice-psychiatric-sector"/><text><status value="generated"/><div xmlns="http://www.w3.org/1999/xhtml"><h2>RORHealthcareServicePsychiatricSector</h2><p>Parameter <code>psychiatric-sector</code>:<code>string</code></p><div><p>Paramètre de recherche décrivrant le secteur psychiatrique de l'offre opérationnelle</p>
</div><table class="grid"><tr><td>Resource</td><td><a href="http://hl7.org/fhir/R4/healthcareservice.html">HealthcareService</a></td></tr><tr><td>Expression</td><td><code>HealthcareService.extension.where(url = 'https://interop.esante.gouv.fr/ig/fhir/ror/StructureDefinition/ror-healthcareservice-psychiatric-sector').value.as(string)</code></td></tr><tr><td>Multiples</td><td><ul><li>multipleAnd: It's up to the server whether the parameter may repeat in order to specify multiple values that must all be true</li><li>multipleOr: It's up to the server whether the parameter can have multiple values (separated by comma) where at least one must be true</li></ul></td></tr></table></div></text><url value="https://interop.esante.gouv.fr/ig/fhir/ror/SearchParameter/ror-sp-healthcareservice-psychiatric-sector"/><version value="0.4.0-ballot-1"/><name value="RORHealthcareServicePsychiatricSector"/><status value="active"/><date value="2024-04-02T09:13:36+00:00"/><publisher value="ANS"/><contact><name value="ANS"/><telecom><system value="url"/><value value="https://esante.gouv.fr"/></telecom></contact><description value="Paramètre de recherche décrivrant le secteur psychiatrique de l'offre opérationnelle"/><jurisdiction><coding><system value="urn:iso:std:iso:3166"/><code value="FR"/><display value="FRANCE"/></coding></jurisdiction><code value="psychiatric-sector"/><base value="HealthcareService"/><type value="string"/><expression value="HealthcareService.extension.where(url = 'https://interop.esante.gouv.fr/ig/fhir/ror/StructureDefinition/ror-healthcareservice-psychiatric-sector').value.as(string)"/></SearchParameter>