URL,Version,Status,OIDs,Name,Title,Descriptino,Used
https://interop.esante.gouv.fr/ig/fhir/ror/CodeSystem/act-type-ror-codesystem,0.4.0-qa-preview-1,draft,,ActTypeRORCodeSystem,null,"CodeSystem pour le type d'acte pour les slices de characteristic concernant les actes dans la ressource ROR HealthcareService",
https://interop.esante.gouv.fr/ig/fhir/ror/CodeSystem/input-task-ror-codesystem,0.4.0-qa-preview-1,draft,,InputTaskRORCodeSystem,null,"Code System pour la définition des éléments spécifiques de input dans ressource RORTask",
https://interop.esante.gouv.fr/ig/fhir/ror/CodeSystem/output-task-ror-codesystem,0.4.0-qa-preview-1,draft,,OutputTaskRORCodeSystem,null,"Code System pour la définition des éléments spécifiques de output dans ressource RORTask",
https://interop.esante.gouv.fr/ig/fhir/ror/CodeSystem/ror-include-associated-data-code-system,0.4.0-qa-preview-1,draft,,RorIncludeAssociatedDataCodeSystem,Code System (CS) utilisé pour étendre le CS original avec le query parameter includeAssociatedData,"Code system pour étendre https://hl7.org/fhir/uv/bulkdata/CodeSystem-include-associated-data.html pour ajouter l'opération export pour le ROR",
