{"resourceType":"SearchParameter","id":"ror-sp-limit-value","text":{"status":"generated","div":"<div xmlns=\"http://www.w3.org/1999/xhtml\"><h2>RORSPLimitValue</h2><p>Parameter <code>limit-value</code>:<code>quantity</code></p><div><p>Paramètre de recherche pour récupérer la valeur limite (poids, taille, etc..) de l'équipement</p>\n</div><table class=\"grid\"><tr><td>Resource</td><td><a href=\"http://hl7.org/fhir/R4/location.html\">Location</a></td></tr><tr><td>Expression</td><td><code>Location.extension.where(url='https://interop.esante.gouv.fr/ig/fhir/ror/StructureDefinition/ror-location-equipment-limit').extension.where(url='limitValue').value.as(Quantity)</code></td></tr><tr><td>Multiples</td><td><ul><li>multipleAnd: It's up to the server whether the parameter may repeat in order to specify multiple values that must all be true</li><li>multipleOr: It's up to the server whether the parameter can have multiple values (separated by comma) where at least one must be true</li></ul></td></tr></table></div>"},"url":"https://interop.esante.gouv.fr/ig/fhir/ror/SearchParameter/ror-sp-limit-value","version":"0.4.0-ballot-1","name":"RORSPLimitValue","status":"active","date":"2024-03-15T13:59:29+00:00","publisher":"ANS","contact":[{"name":"ANS","telecom":[{"system":"url","value":"https://esante.gouv.fr"}]}],"description":"Paramètre de recherche pour récupérer la valeur limite (poids, taille, etc..) de l'équipement","jurisdiction":[{"coding":[{"system":"urn:iso:std:iso:3166","code":"FR","display":"FRANCE"}]}],"code":"limit-value","base":["Location"],"type":"quantity","expression":"Location.extension.where(url='https://interop.esante.gouv.fr/ig/fhir/ror/StructureDefinition/ror-location-equipment-limit').extension.where(url='limitValue').value.as(Quantity)"}