<?xml version="1.0" encoding="UTF-8"?><CodeSystem xmlns="http://hl7.org/fhir"><id value="output-task-ror-codesystem"/><text><status value="generated"/><div xmlns="http://www.w3.org/1999/xhtml"><p class="res-header-id"><b>Generated Narrative: CodeSystem output-task-ror-codesystem</b></p><a name="output-task-ror-codesystem"> </a><a name="hcoutput-task-ror-codesystem"> </a><a name="output-task-ror-codesystem-fr-FR"> </a><p>This case-sensitive code system <code>https://interop.esante.gouv.fr/ig/fhir/ror/CodeSystem/output-task-ror-codesystem</code> defines the following codes:</p><table class="codes"><tr><td style="white-space:nowrap"><b>Code</b></td><td><b>Definition</b></td></tr><tr><td style="white-space:nowrap">newValue<a name="output-task-ror-codesystem-newValue"> </a></td><td>Nouvelle valeur renseignée</td></tr><tr><td style="white-space:nowrap">identifierAnalyst<a name="output-task-ror-codesystem-identifierAnalyst"> </a></td><td>identifiant du destinataire du traitement de la demande</td></tr></table></div></text><url value="https://interop.esante.gouv.fr/ig/fhir/ror/CodeSystem/output-task-ror-codesystem"/><version value="0.4.0-snapshot-2"/><name value="OutputTaskRORCodeSystem"/><status value="draft"/><date value="2024-12-10T13:59:26+00:00"/><publisher value="ANS"/><contact><name value="ANS"/><telecom><system value="url"/><value value="https://esante.gouv.fr"/></telecom></contact><description value="Code System pour la définition des éléments spécifiques de output dans ressource RORTask"/><jurisdiction><coding><system value="urn:iso:std:iso:3166"/><code value="FR"/><display value="FRANCE"/></coding></jurisdiction><caseSensitive value="true"/><compositional value="false"/><content value="complete"/><count value="2"/><concept><code value="newValue"/><display value="newValue"/><definition value="Nouvelle valeur renseignée"/></concept><concept><code value="identifierAnalyst"/><display value="identifierAnalyst"/><definition value="identifiant du destinataire du traitement de la demande"/></concept></CodeSystem>