<?xml version="1.0" encoding="UTF-8"?>

<SearchParameter xmlns="http://hl7.org/fhir">
  <id value="ror-sp-organization-price-validity-start-date"/>
  <text>
    <status value="generated"/><div xmlns="http://www.w3.org/1999/xhtml"><p class="res-header-id"><b>Generated Narrative: SearchParameter ror-sp-organization-price-validity-start-date</b></p><a name="ror-sp-organization-price-validity-start-date"> </a><a name="hcror-sp-organization-price-validity-start-date"> </a><a name="ror-sp-organization-price-validity-start-date-fr-FR"> </a><h2>RORSPOrganizationPriceValidityStartDate</h2><p>Parameter <code>price-validity-start-date</code>:<code>date</code></p><div><p>Paramètre de recherche sur la dernière date de début de validité du tarif indiqué</p>
</div><table class="grid"><tr><td>Resource</td><td><a href="http://hl7.org/fhir/R4/organization.html">Organization</a></td></tr><tr><td>Expression</td><td><code>Organization.extension.where(url='https://interop.esante.gouv.fr/ig/fhir/ror/StructureDefinition/ror-organization').extension.where(url='startDate').value.as(date)</code></td></tr><tr><td>Multiples</td><td><ul><li>multipleAnd: It's up to the server whether the parameter may repeat in order to specify multiple values that must all be true</li><li>multipleOr: It's up to the server whether the parameter can have multiple values (separated by comma) where at least one must be true</li></ul></td></tr></table></div>
  </text>
  <url value="https://interop.esante.gouv.fr/ig/fhir/ror/SearchParameter/ror-sp-organization-price-validity-start-date"/>
  <version value="0.5.0-snapshot-1"/>
  <name value="RORSPOrganizationPriceValidityStartDate"/>
  <status value="active"/>
  <date value="2025-01-24T16:46:59+00:00"/>
  <publisher value="ANS"/>
  <contact>
    <name value="ANS"/>
    <telecom>
      <system value="url"/>
      <value value="https://esante.gouv.fr"/>
    </telecom>
  </contact>
  <description value="Paramètre de recherche sur la dernière date de début de validité du tarif indiqué"/>
  <jurisdiction>
    <coding>
      <system value="urn:iso:std:iso:3166"/>
      <code value="FR"/>
      <display value="FRANCE"/>
    </coding>
  </jurisdiction>
  <code value="price-validity-start-date"/>
  <base value="Organization"/>
  <type value="date"/>
  <expression value="Organization.extension.where(url='https://interop.esante.gouv.fr/ig/fhir/ror/StructureDefinition/ror-organization').extension.where(url='startDate').value.as(date)"/>
</SearchParameter>