<?xml version="1.0" encoding="UTF-8"?><SearchParameter xmlns="http://hl7.org/fhir"><id value="ror-sp-location-commune-cog"/><text><status value="generated"/><div xmlns="http://www.w3.org/1999/xhtml"><p class="res-header-id"><b>Generated Narrative: SearchParameter ror-sp-location-commune-cog</b></p><a name="ror-sp-location-commune-cog"> </a><a name="hcror-sp-location-commune-cog"> </a><a name="ror-sp-location-commune-cog-fr-FR"> </a><h2>RORSPLocationCommuneCOG</h2><p>Paramètre <code>commune-cog</code>:<code>token</code></p><div><p>Paramètre de recherche sur le code officiel géographique (cog) de la commune dans laquelle le lieu est situé</p>
</div><table class="grid"><tr><td>Ressource</td><td><a href="http://hl7.org/fhir/R4/location.html">Location</a></td></tr><tr><td>Expression</td><td><code>Location.extension.where(url='https://interop.esante.gouv.fr/ig/fhir/ror/StructureDefinition/ror-commune-cog').value.as(CodeableConcept)</code></td></tr><tr><td>Multiples</td><td><ul><li>multipleAnd: It's up to the server whether the parameter may repeat in order to specify multiple values that must all be true</li><li>multipleOr: It's up to the server whether the parameter can have multiple values (separated by comma) where at least one must be true</li></ul></td></tr></table></div></text><url value="https://interop.esante.gouv.fr/ig/fhir/ror/SearchParameter/ror-sp-location-commune-cog"/><version value="0.7.0-snapshot-1"/><name value="RORSPLocationCommuneCOG"/><status value="active"/><date value="2026-01-08T16:25:02+00:00"/><publisher value="ANS"/><contact><name value="ANS"/><telecom><system value="url"/><value value="https://esante.gouv.fr"/></telecom></contact><description value="Paramètre de recherche sur le code officiel géographique (cog) de la commune dans laquelle le lieu est situé"/><jurisdiction><coding><system value="urn:iso:std:iso:3166"/><code value="FR"/><display value="FRANCE"/></coding></jurisdiction><code value="commune-cog"/><base value="Location"/><type value="token"/><expression value="Location.extension.where(url='https://interop.esante.gouv.fr/ig/fhir/ror/StructureDefinition/ror-commune-cog').value.as(CodeableConcept)"/></SearchParameter>