<?xml version="1.0" encoding="UTF-8"?><SearchParameter xmlns="http://hl7.org/fhir"><id value="ror-sp-equipment-feature"/><text><status value="generated"/><div xmlns="http://www.w3.org/1999/xhtml"><p class="res-header-id"><b>Generated Narrative: SearchParameter ror-sp-equipment-feature</b></p><a name="ror-sp-equipment-feature"> </a><a name="hcror-sp-equipment-feature"> </a><a name="hcror-sp-equipment-feature-fr-FR"> </a><h2>RORSPEquipmentFeature</h2><p>Parameter <code>equipment-feature</code>:<code>token</code></p><div><p>Paramètre de recherche pour récupérer le type de caractéristique d'un equipement.</p>
</div><table class="grid"><tr><td>Resource</td><td><a href="http://hl7.org/fhir/R4/location.html">Location</a></td></tr><tr><td>Expression</td><td><code>Location.extension.where(url='https://interop.esante.gouv.fr/ig/fhir/ror/StructureDefinition/ror-location-equipment-limit').extension.where(url='equipmentFeature').value.as(CodeableConcept)</code></td></tr><tr><td>Multiples</td><td><ul><li>multipleAnd: It's up to the server whether the parameter may repeat in order to specify multiple values that must all be true</li><li>multipleOr: It's up to the server whether the parameter can have multiple values (separated by comma) where at least one must be true</li></ul></td></tr></table></div></text><url value="https://interop.esante.gouv.fr/ig/fhir/ror/SearchParameter/ror-sp-equipment-feature"/><version value="0.4.0-snapshot-2"/><name value="RORSPEquipmentFeature"/><status value="active"/><date value="2024-07-08T17:07:57+00:00"/><publisher value="ANS"/><contact><name value="ANS"/><telecom><system value="url"/><value value="https://esante.gouv.fr"/></telecom></contact><description value="Paramètre de recherche pour récupérer le type de caractéristique d'un equipement."/><jurisdiction><coding><system value="urn:iso:std:iso:3166"/><code value="FR"/><display value="FRANCE"/></coding></jurisdiction><code value="equipment-feature"/><base value="Location"/><type value="token"/><expression value="Location.extension.where(url='https://interop.esante.gouv.fr/ig/fhir/ror/StructureDefinition/ror-location-equipment-limit').extension.where(url='equipmentFeature').value.as(CodeableConcept)"/></SearchParameter>