{
  "resourceType" : "SearchParameter",
  "id" : "ror-sp-organization-period-end",
  "text" : {
    "status" : "generated",
    "div" : "<div xmlns=\"http://www.w3.org/1999/xhtml\"><p class=\"res-header-id\"><b>Generated Narrative: SearchParameter ror-sp-organization-period-end</b></p><a name=\"ror-sp-organization-period-end\"> </a><a name=\"hcror-sp-organization-period-end\"> </a><a name=\"ror-sp-organization-period-end-fr-FR\"> </a><h2>ROROrganizationPeriodEnd</h2><p>Parameter <code>period-end</code>:<code>date</code></p><div><p>Paramètre de recherche décrivant la date de fermeture de l'entité géographique</p>\n</div><table class=\"grid\"><tr><td>Resource</td><td><a href=\"http://hl7.org/fhir/R4/organization.html\">Organization</a></td></tr><tr><td>Expression</td><td><code>Organization.extension.where(url='http://hl7.org/fhir/StructureDefinition/organization-period').value.as(Period).end</code></td></tr><tr><td>Multiples</td><td><ul><li>multipleAnd: It's up to the server whether the parameter may repeat in order to specify multiple values that must all be true</li><li>multipleOr: It's up to the server whether the parameter can have multiple values (separated by comma) where at least one must be true</li></ul></td></tr></table></div>"
  },
  "url" : "https://interop.esante.gouv.fr/ig/fhir/ror/SearchParameter/ror-sp-organization-period-end",
  "version" : "0.4.0-snapshot-2",
  "name" : "ROROrganizationPeriodEnd",
  "status" : "active",
  "date" : "2024-12-06T18:08:10+00:00",
  "publisher" : "ANS",
  "contact" : [{
    "name" : "ANS",
    "telecom" : [{
      "system" : "url",
      "value" : "https://esante.gouv.fr"
    }]
  }],
  "description" : "Paramètre de recherche décrivant la date de fermeture de l'entité géographique",
  "jurisdiction" : [{
    "coding" : [{
      "system" : "urn:iso:std:iso:3166",
      "code" : "FR",
      "display" : "FRANCE"
    }]
  }],
  "code" : "period-end",
  "base" : ["Organization"],
  "type" : "date",
  "expression" : "Organization.extension.where(url='http://hl7.org/fhir/StructureDefinition/organization-period').value.as(Period).end"
}