URL,Version,Status,OIDs,Name,Title,Description,Used
http://hl7.org/fhir/address-type,4.0.1,active,"2.16.840.1.113883.4.642.4.70",AddressType,AddressType,"The type of an address (physical / postal).","ValueSet/address-type"
http://hl7.org/fhir/address-use,4.0.1,active,"2.16.840.1.113883.4.642.4.68",AddressUse,AddressUse,"The use of an address.","ValueSet/address-use"
http://hl7.org/fhir/administrative-gender,4.0.1,active,"2.16.840.1.113883.4.642.4.2",AdministrativeGender,AdministrativeGender,"The gender of a person used for administrative purposes.","ValueSet/administrative-gender"
http://hl7.org/fhir/contact-point-system,4.0.1,active,"2.16.840.1.113883.4.642.4.72",ContactPointSystem,ContactPointSystem,"Telecommunications form for contact point.","ValueSet/contact-point-system"
http://hl7.org/fhir/contact-point-use,4.0.1,active,"2.16.840.1.113883.4.642.4.74",ContactPointUse,ContactPointUse,"Use of contact point.","ValueSet/contact-point-use"
http://hl7.org/fhir/days-of-week,4.0.1,active,"2.16.840.1.113883.4.642.4.513",DaysOfWeek,DaysOfWeek,"The days of the week.","ValueSet/days-of-week"
http://hl7.org/fhir/identifier-use,4.0.1,active,"2.16.840.1.113883.4.642.4.58",IdentifierUse,IdentifierUse,"Identifies the purpose for this identifier, if known .","ValueSet/identifier-use"
http://hl7.org/fhir/identity-assuranceLevel,4.0.1,draft,"2.16.840.1.113883.4.642.4.657",IdentityAssuranceLevel,IdentityAssuranceLevel,"The level of confidence that this link represents the same actual person, based on NIST Authentication Levels.","ValueSet/identity-assuranceLevel"
http://hl7.org/fhir/item-type,4.0.1,draft,"2.16.840.1.113883.4.642.4.445",QuestionnaireItemType,QuestionnaireItemType,"Distinguishes groups from questions and display text and indicates data type for questions.","ValueSet/item-type"
http://hl7.org/fhir/location-mode,4.0.1,draft,"2.16.840.1.113883.4.642.4.331",LocationMode,LocationMode,"Indicates whether a resource instance represents a specific location or a class of locations.","ValueSet/location-mode"
http://hl7.org/fhir/location-status,4.0.1,draft,"2.16.840.1.113883.4.642.4.333",LocationStatus,LocationStatus,"Indicates whether the location is still in use.","ValueSet/location-status"
http://hl7.org/fhir/measure-report-status,4.0.1,draft,"2.16.840.1.113883.4.642.4.777",MeasureReportStatus,MeasureReportStatus,"The status of the measure report.","ValueSet/measure-report-status"
http://hl7.org/fhir/measure-report-type,4.0.1,draft,"2.16.840.1.113883.4.642.4.779",MeasureReportType,MeasureReportType,"The type of the measure report.","ValueSet/measure-report-type"
http://hl7.org/fhir/name-use,4.0.1,active,"2.16.840.1.113883.4.642.4.66",NameUse,NameUse,"The use of a human name.","ValueSet/name-use"
http://hl7.org/fhir/publication-status,4.0.1,active,"2.16.840.1.113883.4.642.4.4",PublicationStatus,PublicationStatus,"The lifecycle status of an artifact.","ValueSet/publication-status,ValueSet/ror-questionnaire-status-vs"
http://hl7.org/fhir/questionnaire-enable-behavior,4.0.1,draft,"2.16.840.1.113883.4.642.4.1008",EnableWhenBehavior,EnableWhenBehavior,"Controls how multiple enableWhen values are interpreted -  whether all or any must be true.","ValueSet/questionnaire-enable-behavior"
http://hl7.org/fhir/questionnaire-enable-operator,4.0.1,draft,"2.16.840.1.113883.4.642.4.1006",QuestionnaireItemOperator,QuestionnaireItemOperator,"The criteria by which a question is enabled.","ValueSet/questionnaire-enable-operator"
http://hl7.org/fhir/request-intent,4.0.1,draft,"2.16.840.1.113883.4.642.4.114",RequestIntent,RequestIntent,"Codes indicating the degree of authority/intentionality associated with a request.","ValueSet/task-intent"
http://hl7.org/fhir/request-priority,4.0.1,draft,"2.16.840.1.113883.4.642.4.116",RequestPriority,RequestPriority,"Identifies the level of importance to be assigned to actioning the request.","ValueSet/request-priority"
http://hl7.org/fhir/resource-types,4.0.1,active,,ResourceType,ResourceType,"One of the resource types defined as part of this version of FHIR.","ValueSet/subject-type,ValueSet/resource-types"
http://hl7.org/fhir/task-intent,4.0.1,draft,"2.16.840.1.113883.4.642.4.1241",TaskIntent,TaskIntent,"Distinguishes whether the task is a proposal, plan or full order.","ValueSet/task-intent"
http://hl7.org/fhir/task-status,4.0.1,draft,"2.16.840.1.113883.4.642.4.791",TaskStatus,TaskStatus,"The current status of the task.","ValueSet/task-status"
http://hl7.org/fhir/uv/bulkdata/CodeSystem/include-associated-data,2.0.0,active,,IncludeAssociatedDataCodeSystem,Include Associated Data Code System,"Metadata inclusion options for Bulk Data Access Export Operation includeAssociatedData parameter","ValueSet/ror-include-associated-data-vs"
http://loinc.org,3.1.0,active,"2.16.840.1.113883.6.1",LOINC,Logical Observation Identifiers, Names and Codes (LOINC),"LOINC provides a set of universal names and ID codes for identifying laboratory and clinical test results.1,2 LOINC facilitates the exchange and pooling of results, such as blood hemoglobin, serum potassium, or vital signs, for clinical care, outcomes management, and research. LOINC's universal identifiers (names and codes) can be used in the context of order and observation exchanges between information systems that use syntax standards such as HL73, CEN TC251, ISO TC215, ASTM4, and DICOM. Specifically, the identifier can be used as the coded value for an observation in any other standard that uses the observation/observation value paradigm, whether messages, documents, application programming interface (API), etc. For example, LOINC codes are used widely in the OBX segment Observation Identifier field (OBX-3) of an ORU HL7 (HL7 version 2.x or ASTM 1238-9410) message that may be sent between a Clinical Laboratory Information Management Systems (LIMS) and Electronic Health Record Systems (EHR).5, 6 In this way, LOINC codes provide universal identifiers that allow the exchange of clinical data between heterogeneous computing environments.","ValueSet/questionnaire-questions"
http://snomed.info/sct,null,active,"2.16.840.1.113883.6.96",SNOMED_CT,SNOMED CT (all versions),"SNOMED CT is the most comprehensive and precise clinical health terminology product in the world, owned and distributed around the world by The International Health Terminology Standards Development Organisation (IHTSDO).","ValueSet/performer-role,ValueSet/questionnaire-answers,ValueSet/use-context"
http://terminology.hl7.org/CodeSystem/common-tags,1.0.1,active,"2.16.840.1.113883.4.642.1.1067",CommonTags,Common Tags,"Common Tag Codes defined by FHIR project","ValueSet/common-tags"
http://terminology.hl7.org/CodeSystem/composite-measure-scoring,1.0.1,active,"2.16.840.1.113883.4.642.1.1235",CompositeMeasureScoring,CompositeMeasureScoring,"The composite scoring method of the measure.","ValueSet/composite-measure-scoring"
http://terminology.hl7.org/CodeSystem/contactentity-type,2.0.0,active,"2.16.840.1.113883.4.642.1.1129",ContactEntityType,Contact entity type,"This example value set defines a set of codes that can be used to indicate the purpose for which you would contact a contact party.","ValueSet/contactentity-type"
http://terminology.hl7.org/CodeSystem/definition-topic,1.0.1,active,"2.16.840.1.113883.4.642.1.1244",DefinitionTopic,DefinitionTopic,"High-level categorization of the definition, used for searching, sorting, and filtering.","ValueSet/definition-topic"
http://terminology.hl7.org/CodeSystem/location-physical-type,2.0.1,active,"2.16.840.1.113883.4.642.1.1108",LocationType,Location type,"This example value set defines a set of codes that can be used to indicate the physical form of the Location.  This includes several 'non physical' codes which are still considered a location.","ValueSet/location-physical-type"
http://terminology.hl7.org/CodeSystem/measure-data-usage,1.0.1,active,"2.16.840.1.113883.4.642.1.1234",MeasureDataUsage,MeasureDataUsage,"The intended usage for supplemental data elements in the measure.","ValueSet/measure-data-usage"
http://terminology.hl7.org/CodeSystem/measure-improvement-notation,1.0.1,active,"2.16.840.1.113883.4.642.1.1395",MeasureImprovementNotation,MeasureImprovementNotation,"Observation values that indicate what change in a measurement value or score is indicative of an improvement in the measured item or scored issue.","ValueSet/measure-improvement-notation"
http://terminology.hl7.org/CodeSystem/measure-population,2.0.0,active,"2.16.840.1.113883.4.642.1.1231",MeasurePopulationType,Measure Population Type,"The type of population.","ValueSet/measure-population"
http://terminology.hl7.org/CodeSystem/measure-scoring,4.0.0,active,"2.16.840.1.113883.4.642.1.1232",MeasureScoring,Measure Scoring,"The scoring type of the measure.","ValueSet/measure-scoring"
http://terminology.hl7.org/CodeSystem/measure-type,3.0.1,active,"2.16.840.1.113883.4.642.1.1233",MeasureType,MeasureType,"The type of measure (includes codes from 2.16.840.1.113883.1.11.20368).","ValueSet/measure-type"
http://terminology.hl7.org/CodeSystem/program,1.0.1,active,"2.16.840.1.113883.4.642.1.1384",Program,Program,"This value set defines an example set of codes that could be can be used to classify groupings of service-types/specialties.","ValueSet/program"
http://terminology.hl7.org/CodeSystem/service-provision-conditions,1.0.1,active,"2.16.840.1.113883.4.642.1.1143",ServiceProvisionConditions,ServiceProvisionConditions,"The code(s) that detail the conditions under which the healthcare service is available/offered.","ValueSet/service-provision-conditions"
http://terminology.hl7.org/CodeSystem/service-referral-method,1.0.1,active,"2.16.840.1.113883.4.642.1.1142",ReferralMethod,ReferralMethod,"The methods of referral can be used when referring to a specific HealthCareService resource.","ValueSet/service-referral-method"
http://terminology.hl7.org/CodeSystem/usage-context-type,2.0.1,active,"2.16.840.1.113883.4.642.1.1068",UsageContextType,UsageContextType,"A code that specifies a type of context being specified by a usage context.","ValueSet/ror-usage-context-type-vs"
http://terminology.hl7.org/CodeSystem/v2-0203,5.0.0,active,"2.16.840.1.113883.18.108",IdentifierType,identifierType,"HL7-defined code system of concepts specifying type of identifier. Used in HL7 Version 2.x messaging data types CX, PLN, PPN, XCN and XON.","ValueSet/identifier-type,ValueSet/fr-core-vs-practitioner-identifier-type"
http://unitsofmeasure.org,3.0.1,active,,UCUM,Unified Code for Units of Measure (UCUM),"The Unified Code for Units of Measure (UCUM) is a code system intended to include all units of measures being contemporarily used in international science, engineering, and business. The purpose is to facilitate unambiguous electronic communication of quantities together with their units. The focus is on electronic communication, as opposed to communication between humans. A typical application of The Unified Code for Units of Measure are electronic data interchange (EDI) protocols, but there is nothing that prevents it from being used in other types of machine communication.","ValueSet/JDV-J37-UcumUniteTemps"
https://hl7.fr/ig/fhir/core/CodeSystem/fr-core-cs-v2-0203,2.2.0,active,,FRCoreCodeSystemv2_0203,FR Core CodeSystem v2-0203,"HL7 v2 - Identifier type","ValueSet/fr-core-vs-practitioner-identifier-type,ValueSet/fr-core-vs-organization-identifier-type"
https://hl7.fr/ig/fhir/core/CodeSystem/fr-core-cs-v2-3307,2.2.0,draft,,FRCoreCodeSystemv2_3307,FR Core CodeSystem v2-3307,"HL7 v2 - Table 3307","ValueSet/fr-core-vs-organization-type,ValueSet/fr-core-vs-organization-etablissement-type"
https://interop.esante.gouv.fr/ig/fhir/annuaire/CodeSystem/as-cs-organization-types,1.2.0-snapshot-2,draft,,AsCsOrganizationTypes,AS CodeSystem OrganizationTypes,"CodeSystem définissant les types d'organisation","ValueSet/as-vs-organization-types"
https://interop.esante.gouv.fr/ig/fhir/annuaire/CodeSystem/as-cs-type-etablissement,1.2.0-snapshot-2,draft,,AsCsTypeEtablissement,AS CodeSystem Type Etablissement,"CodeSystem définissant les types d'établissement.","ValueSet/as-vs-type-etablissement"
https://interop.esante.gouv.fr/ig/fhir/ror/CodeSystem/act-type-ror-codesystem,0.7.0,draft,,ActTypeRORCodeSystem,,"CodeSystem pour le type d'acte pour les slices de characteristic concernant les actes dans la ressource ROR HealthcareService","ValueSet/act-type-ror-valueset"
https://interop.esante.gouv.fr/ig/fhir/ror/CodeSystem/ror-include-associated-data-code-system,0.7.0,draft,,RorIncludeAssociatedDataCodeSystem,Code System (CS) utilisé pour étendre le CS original avec le query parameter includeAssociatedData,"Code system pour étendre https://hl7.org/fhir/uv/bulkdata/CodeSystem-include-associated-data.html pour ajouter l'opération export pour le ROR","ValueSet/ror-include-associated-data-vs"
https://interop.esante.gouv.fr/ig/fhir/ror/CodeSystem/ror-launch-context-codesystem,0.7.0,draft,,RORLaunchContextCodeSystem,Code System définissant le contexte standard du lancement d'un questionnaire dans le cadre du ROR,"Code System pour étendre http://hl7.org/fhir/uv/sdc/CodeSystem-launchContext.html afin de l'adapter au contexte de lancement des questionnaires dans le cadre du ROR","ValueSet/ror-launch-context-vs"
https://interop.esante.gouv.fr/ig/fhir/ror/CodeSystem/usage-context-ror-codesystem,0.7.0,draft,,UsageContextRORCodeSystem,,"CodeSystem pour définir le type de catégorie du contexte d'usage des instances de questionnaire dans le cadre du ROR","ValueSet/ror-usage-context-type-vs"
https://mos.esante.gouv.fr/NOS/TRE_G00-Langue/FHIR/TRE-G00-Langue,20240927120000,active,"1.2.250.1.71.2.10",TRE_G00_Langue,,"Langue","ValueSet/JDV-J82-Langue-RASS"
https://mos.esante.gouv.fr/NOS/TRE_G05-SousSectionTableauCNOP/FHIR/TRE-G05-SousSectionTableauCNOP,20231215120000,active,"1.2.250.1.71.4.2.6",TRE_G05_SousSectionTableauCNOP,,"Sous-Section du tableau de l'Ordre des Pharmaciens","ValueSet/fr-core-vs-practitioner-role-exercice,ValueSet/JDV-J73-MetierPharmacien-RASS"
https://mos.esante.gouv.fr/NOS/TRE_G08-TypeIdentifiantPersonne/FHIR/TRE-G08-TypeIdentifiantPersonne,20240329120000,active,"1.2.250.1.71.1.2.15",TRE_G08_TypeIdentifiantPersonne,,"Type d'identifiant de personne","ValueSet/fr-core-vs-practitioner-identifier-type"
https://mos.esante.gouv.fr/NOS/TRE_G09-DepartementOM/FHIR/TRE-G09-DepartementOM,20260505120000,active,"1.2.250.1.71.1.2.16",TRE_G09_DepartementOM,,"Référentiel des codes départements et collectivités d’outre-mer provenant du COG INSEE + Monaco. Cette TRE possède des propriétés spécifiques : Autorite Epars, pour indiquer le/ les ARS du département (tre-r396-autorite) et region pour indiquer le code de la région du département (TRE-R30-RegionOM)","ValueSet/JDV-J84-DepartementOM-RASS,ValueSet/JDV-J258-Departement"
https://mos.esante.gouv.fr/NOS/TRE_G13-OrientationParticuliere/FHIR/TRE-G13-OrientationParticuliere,20231215120000,active,"1.2.250.1.213.2.31",TRE_G13_OrientationParticuliere,,"Orientation particulière","ValueSet/JDV-J107-EnsembleSavoirFaire-RASS,ValueSet/JDV-J212-OrientationParticuliere-ROR"
https://mos.esante.gouv.fr/NOS/TRE_G15-ProfessionSante/FHIR/TRE-G15-ProfessionSante,20250328120000,active,"1.2.250.1.71.1.2.7",TRE_G15_ProfessionSante,,"Professions de santé définies par le code de la santé publique : professions médicales (art. L4111-1 à L4163-10), de la pharmacie et de la physique médicale (art. 4211-1 à 4252-3) et d’auxiliaires médicaux (art. 4311-1 à 4394-3)","ValueSet/JDV-J229-ProfessionSante-ROR,ValueSet/JDV-J186-ProfessionRessource-ROR,ValueSet/JDV-J106-EnsembleProfession-RASS"
https://mos.esante.gouv.fr/NOS/TRE_R02-SecteurActivite/FHIR/TRE-R02-SecteurActivite,20250523120000,active,"1.2.250.1.71.4.2.4",TRE_R02_SecteurActivite,,"Le secteur d'activité de santé est une donnée RPPS et correspond au type de service fourni par une structure. Il sert principalement à déterminer les propriétés de facturation des professionnels de ces structures vis-à-vis de l'assurance maladie","ValueSet/JDV-J101-SecteurActivite-RASS,ValueSet/JDV-J55-CategorieEG-ROR"
https://mos.esante.gouv.fr/NOS/TRE_R04-TypeSavoirFaire/FHIR/TRE-R04-TypeSavoirFaire,20251016120000,active,"1.2.250.1.213.1.6.1.16",TRE_R04_TypeSavoirFaire,,"Type de savoir-faire","ValueSet/ror-usage-context-type-vs,ValueSet/JDV-J91-TypeSavoirFaire-RASS"
https://mos.esante.gouv.fr/NOS/TRE_R06-SectionTableauCNOP/FHIR/TRE-R06-SectionTableauCNOP,20231215120000,active,"1.2.250.1.213.2.37",TRE_R06_SectionTableauCNOP,,"Section du tableau de l'Ordre des Pharmaciens","ValueSet/fr-core-vs-practitioner-role-exercice,ValueSet/JDV-J73-MetierPharmacien-RASS"
https://mos.esante.gouv.fr/NOS/TRE_R09-CategorieProfessionnelle/FHIR/TRE-R09-CategorieProfessionnelle,20260223120000,active,"1.2.250.1.213.1.6.1.10",TRE_R09_CategorieProfessionnelle,,"Catégorie professionnelle","ValueSet/JDV-J89-CategorieProfessionnelle-RASS"
https://mos.esante.gouv.fr/NOS/TRE_R11-CiviliteExercice/FHIR/TRE-R11-CiviliteExercice,20231215120000,active,"1.2.250.1.213.1.6.1.11",TRE_R11_CiviliteExercice,,"Civilité d'exercice","ValueSet/JDV-J208-CiviliteExercice-ROR"
https://mos.esante.gouv.fr/NOS/TRE_R13-CommuneOM/FHIR/TRE-R13-CommuneOM,20260505120000,active,"1.2.250.1.213.2.23",TRE_R13_CommuneOM,,"","ValueSet/JDV-J124-Commune"
https://mos.esante.gouv.fr/NOS/TRE_R14-TypeDiplome/FHIR/TRE-R14-TypeDiplome,20240329120000,active,"1.2.250.1.213.1.6.1.36",TRE_R14_TypeDiplome,,"Type de diplôme","ValueSet/JDV-J81-TypeDiplome-RASS"
https://mos.esante.gouv.fr/NOS/TRE_R17-TypeAutorisation/FHIR/TRE-R17-TypeAutorisation,20250523120000,active,"1.2.250.1.213.1.6.1.14",TRE_R17_TypeAutorisation,,"Type d'autorisation","ValueSet/JDV-J75-TypeAutorisation-RASS"
https://mos.esante.gouv.fr/NOS/TRE_R18-DisciplineAutorisation/FHIR/TRE-R18-DisciplineAutorisation,20231215120000,active,"1.2.250.1.213.1.6.1.67",TRE_R18_DisciplineAutorisation,,"Discipline d'autorisation","ValueSet/JDV-J76-DisciplineAutorisation-RASS"
https://mos.esante.gouv.fr/NOS/TRE_R20-Pays/FHIR/TRE-R20-Pays,20250328120000,active,"1.2.250.1.213.2.24",TRE_R20_Pays,,"Référentiel des codes pays provenant du COG INSEE","ValueSet/JDV-J256-Pays"
https://mos.esante.gouv.fr/NOS/TRE_R200-CanalCommunication/FHIR/TRE-R200-CanalCommunication,20260330120000,active,"1.2.250.1.213.3.3.1",TRE_R200_CanalCommunication,,"Canal de communication","ValueSet/JDV-J225-CanalCommunication-ROR"
https://mos.esante.gouv.fr/NOS/TRE_R201-TypeDivisionTerritoriale/FHIR/TRE-R201-TypeDivisionTerritoriale,20231215120000,active,"1.2.250.1.213.3.3.2",TRE_R201_TypeDivisionTerritoriale,,"Type de division territoriale","ValueSet/JDV-J223-TypeDivisionTerritoriale-ROR"
https://mos.esante.gouv.fr/NOS/TRE_R202-AccessibiliteLieu/FHIR/TRE-R202-AccessibiliteLieu,20231215120000,active,"1.2.250.1.213.3.3.3",TRE_R202_AccessibiliteLieu,,"Niveaux d'accessibilité d'un établissement recevant du public (ERP)","ValueSet/JDV-J50-AccessibiliteLieu-ROR"
https://mos.esante.gouv.fr/NOS/TRE_R203-StatutLieu/FHIR/TRE-R203-StatutLieu,20231215120000,active,"1.2.250.1.213.3.3.4",TRE_R203_StatutLieu,,"Statut lieu","ValueSet/JDV-J224-StatutLieu-ROR"
https://mos.esante.gouv.fr/NOS/TRE_R207-TypeOrganisationInterne/FHIR/TRE-R207-TypeOrganisationInterne,20231215120000,active,"1.2.250.1.213.3.3.8",TRE_R207_TypeOrganisationInterne,,"Type organisation interne","ValueSet/JDV-J203-TypeOrganisationInterne-ROR"
https://mos.esante.gouv.fr/NOS/TRE_R21-Fonction/FHIR/TRE-R21-Fonction,20260223120000,active,"1.2.250.1.213.1.6.1.17",TRE_R21_Fonction,,"Fonction","ValueSet/JDV-J108-EnsembleFonction-RASS,ValueSet/fr-core-vs-practitioner-role-exercice"
https://mos.esante.gouv.fr/NOS/TRE_R210-ActeSpecifique/FHIR/TRE-R210-ActeSpecifique,20260601120000,active,"1.2.250.1.213.3.3.11",TRE_R210_ActeSpecifique,,"Action menée par un ou plusieurs acteur(s) de santé dans le cadre d'une activité. Cet acte peut correspondre à une technique spécialisée ou traduire une expertise discriminante dans le parcours de santé.","ValueSet/JDV-J16-ActeSpecifique-ROR"
https://mos.esante.gouv.fr/NOS/TRE_R211-ActiviteOperationnelle/FHIR/TRE-R211-ActiviteOperationnelle,20260330120000,active,"1.2.250.1.213.3.3.12",TRE_R211_ActiviteOperationnelle,,"Activite Operationnelle","ValueSet/JDV-J17-ActiviteOperationnelle-ROR"
https://mos.esante.gouv.fr/NOS/TRE_R212-Equipement/FHIR/TRE-R212-Equipement,20260601120000,active,"1.2.250.1.213.3.3.10",TRE_R212_Equipement,,"Equipement","ValueSet/JDV-J18-EquipementSpecifique-ROR"
https://mos.esante.gouv.fr/NOS/TRE_R213-ModePriseEnCharge/FHIR/TRE-R213-ModePriseEnCharge,20260330120000,active,"1.2.250.1.213.3.3.13",TRE_R213_ModePriseEnCharge,,"Mode de la prise en charge","ValueSet/JDV-J19-ModePriseEnCharge-ROR"
https://mos.esante.gouv.fr/NOS/TRE_R22-GenreActivite/FHIR/TRE-R22-GenreActivite,20240329120000,active,"1.2.250.1.213.1.6.1.19",TRE_R22_GenreActivite,,"Genre d'activité","ValueSet/JDV-J94-GenreActivite-RASS,ValueSet/fr-core-vs-practitioner-role-exercice"
https://mos.esante.gouv.fr/NOS/TRE_R223-NatCycleForm/FHIR/TRE-R223-NatCycleForm,20231215120000,active,"1.2.250.1.213.1.6.1.115",TRE_R223_NatCycleForm,,"Nature du cycle de formation des étudiants","ValueSet/JDV-J86-NatCycleForm-RASS"
https://mos.esante.gouv.fr/NOS/TRE_R224-NiveauFormAcquis/FHIR/TRE-R224-NiveauFormAcquis,20231215120000,active,"1.2.250.1.213.1.6.1.116",TRE_R224_NiveauFormAcquis,,"Niveaux de formation acquis dans le cycle de formation des étudiants","ValueSet/JDV-J87-NiveauFormAcquis-RASS"
https://mos.esante.gouv.fr/NOS/TRE_R225-AnneeUniversitaire/FHIR/TRE-R225-AnneeUniversitaire,20251009120000,active,"1.2.250.1.213.1.6.1.117",TRE_R225_AnneeUniversitaire,,"Année universitaire","ValueSet/JDV-J88-AnneeUniversitaire-RASS"
https://mos.esante.gouv.fr/NOS/TRE_R226-Dip2iemeCycleNQ/FHIR/TRE-R226-Dip2iemeCycleNQ,20231215120000,active,"1.2.250.1.213.1.6.1.118",TRE_R226_Dip2iemeCycleNQ,,"Diplôme de 2ième cycle non qualifiant","ValueSet/JDV-J105-EnsembleDiplome-RASS"
https://mos.esante.gouv.fr/NOS/TRE_R227-ChampActivite/FHIR/TRE-R227-ChampActivite,20260330120000,active,"1.2.250.1.213.3.3.17",TRE_R227_ChampActivite,,"Champ d'activité","ValueSet/JDV-J20-ChampActivite-ROR"
https://mos.esante.gouv.fr/NOS/TRE_R228-UnitePrix/FHIR/TRE-R228-UnitePrix,20231215120000,active,"1.2.250.1.213.3.3.18",TRE_R228_UnitePrix,,"Unité de prix","ValueSet/JDV-J205-UnitePrix-ROR"
https://mos.esante.gouv.fr/NOS/TRE_R23-ModeExercice/FHIR/TRE-R23-ModeExercice,20260202120000,active,"1.2.250.1.213.1.6.1.18",TRE_R23_ModeExercice,,"Mode d'exercice","ValueSet/fr-core-vs-practitioner-role-exercice,ValueSet/JDV-J217-ModeExercice-ROR,ValueSet/JDV-J95-ModeExercice-RASS"
https://mos.esante.gouv.fr/NOS/TRE_R236-ModeGestion/FHIR/TRE-R236-ModeGestion,20231215120000,active,"1.2.250.1.213.3.3.23",TRE_R236_ModeGestion,,"Mode gestion","ValueSet/JDV-J26-ModeGestion-ROR"
https://mos.esante.gouv.fr/NOS/TRE_R237-GroupeTarifaireDependance/FHIR/TRE-R237-GroupeTarifaireDependance,20231215120000,active,"1.2.250.1.213.3.3.25",TRE_R237_GroupeTarifaireDependance,,"Niveau de dépendance associé à un tarif","ValueSet/JDV-J27-GroupeTarifaireDependance-ROR"
https://mos.esante.gouv.fr/NOS/TRE_R238-OuvertureAnnuelle/FHIR/TRE-R238-OuvertureAnnuelle,20231215120000,active,"1.2.250.1.213.3.3.27",TRE_R238_OuvertureAnnuelle,,"Ouverture annuelle","ValueSet/JDV-J28-OuvertureAnnuelle-ROR"
https://mos.esante.gouv.fr/NOS/TRE_R239-PublicPrisEnCharge/FHIR/TRE-R239-PublicPrisEnCharge,20260330120000,active,"1.2.250.1.213.3.3.29",TRE_R239_PublicPrisEnCharge,,"Public pris en charge","ValueSet/JDV-J29-PublicPrisEnCharge-ROR"
https://mos.esante.gouv.fr/NOS/TRE_R24-TypeActiviteLiberale/FHIR/TRE-R24-TypeActiviteLiberale,20231215120000,active,"1.2.250.1.213.1.6.1.22",TRE_R24_TypeActiviteLiberale,,"Type d'activité libérale","ValueSet/JDV-J96-TypeActiviteLiberale-RASS,ValueSet/fr-core-vs-practitioner-role-exercice"
https://mos.esante.gouv.fr/NOS/TRE_R240-TemporaliteAccueil/FHIR/TRE-R240-TemporaliteAccueil,20231215120000,active,"1.2.250.1.213.3.3.31",TRE_R240_TemporaliteAccueil,,"Temporalité accueil","ValueSet/JDV-J30-TemporaliteAccueil-ROR"
https://mos.esante.gouv.fr/NOS/TRE_R241-AideFinanciere/FHIR/TRE-R241-AideFinanciere,20231215120000,active,"1.2.250.1.213.3.3.33",TRE_R241_AideFinanciere,,"Habilit. de l'EG permettant aux pers. accueillies d'avoir des aides financières","ValueSet/JDV-J31-AideFinanciere-ROR"
https://mos.esante.gouv.fr/NOS/TRE_R242-TypeHabitation/FHIR/TRE-R242-TypeHabitation,20231215120000,active,"1.2.250.1.213.3.3.35",TRE_R242_TypeHabitation,,"Type habitation","ValueSet/JDV-J32-TypeHabitation-ROR"
https://mos.esante.gouv.fr/NOS/TRE_R243-CompetenceSpecifique/FHIR/TRE-R243-CompetenceSpecifique,20260330120000,active,"1.2.250.1.213.3.3.37",TRE_R243_CompetenceSpecifique,,"Compétence spécifique","ValueSet/JDV-J33-CompetenceSpecifique-ROR"
https://mos.esante.gouv.fr/NOS/TRE_R244-CategorieOrganisation/FHIR/TRE-R244-CategorieOrganisation,20260505120000,active,"1.2.250.1.213.3.3.39",TRE_R244_CategorieOrganisation,,"Catégorie d'organisation","ValueSet/JDV-J238-TypeOffre-ROR"
https://mos.esante.gouv.fr/NOS/TRE_R245-SpecialisationDePriseEnCharge/FHIR/TRE-R245-SpecialisationDePriseEnCharge,20250425120000,active,"1.2.250.1.213.3.3.41",TRE_R245_SpecialisationDePriseEnCharge,,"Spécialisation de prise en charge","ValueSet/JDV-J35-SpecialisationDePriseEnCharge-ROR"
https://mos.esante.gouv.fr/NOS/TRE_R246-TypeTarif/FHIR/TRE-R246-TypeTarif,20231215120000,active,"1.2.250.1.213.3.3.43",TRE_R246_TypeTarif,,"Type tarif","ValueSet/JDV-J36-TypeTarif-ROR"
https://mos.esante.gouv.fr/NOS/TRE_R250-ConditionTarifaire/FHIR/TRE-R250-ConditionTarifaire,20231215120000,active,"1.2.250.1.213.3.3.46",TRE_R250_ConditionTarifaire,,"Les conditions d'accès à un tarif modulé","ValueSet/JDV-J39-ConditionTarifaire-ROR"
https://mos.esante.gouv.fr/NOS/TRE_R251-FonctionContact/FHIR/TRE-R251-FonctionContact,20250131120000,active,"1.2.250.1.213.3.3.48",TRE_R251_FonctionContact,,"Un titre, une position, une fonction de la personne contact dans l'organisation","ValueSet/JDV-J220-FonctionContact-ROR"
https://mos.esante.gouv.fr/NOS/TRE_R252-TypeHoraire/FHIR/TRE-R252-TypeHoraire,20241025120000,active,"1.2.250.1.213.3.3.50",TRE_R252_TypeHoraire,,"Type horaire","ValueSet/JDV-J41-TypeHoraire-ROR"
https://mos.esante.gouv.fr/NOS/TRE_R253-TypeMaternite/FHIR/TRE-R253-TypeMaternite,20231215120000,active,"1.2.250.1.213.3.3.52",TRE_R253_TypeMaternite,,"Type de maternité","ValueSet/JDV-J227-NiveauExpertise-ROR"
https://mos.esante.gouv.fr/NOS/TRE_R256-TypeMessagerie/FHIR/TRE-R256-TypeMessagerie,20231215120000,active,"1.2.250.1.213.3.3.54",TRE_R256_TypeMessagerie,,"Type de messagerie électronique","ValueSet/JDV-J225-CanalCommunication-ROR,ValueSet/fr-core-vs-email-type"
https://mos.esante.gouv.fr/NOS/TRE_R257-TypeBAL/FHIR/TRE-R257-TypeBAL,20231215120000,active,"1.2.250.1.213.3.3.55",TRE_R257_TypeBAL,,"Type de boîte aux lettres","ValueSet/JDV-J139-TypeBAL-RASS"
https://mos.esante.gouv.fr/NOS/TRE_R264-PrestationNonObligatoireIncluse/FHIR/TRE-R264-PrestationNonObligatoireIncluse,20231215120000,active,"1.2.250.1.213.3.3.59",TRE_R264_PrestationNonObligatoireIncluse,,"Prestations non obligatoire incluses","ValueSet/JDV-J206-PrestationNonObligatoireIncluse-ROR"
https://mos.esante.gouv.fr/NOS/TRE_R266-FamilleActiviteOperationnelleHorsSerafin/FHIR/TRE-R266-FamilleActiviteOperationnelleHorsSerafin,20231215120000,active,"1.2.250.1.213.3.3.61",TRE_R266_FamilleActiviteOperationnelleHorsSerafin,,"Familles activités opérationnelles hors Serafin","ValueSet/JDV-J51-FamilleActiviteOperationnelle-ROR"
https://mos.esante.gouv.fr/NOS/TRE_R282-CNAMAmeliSecteurConventionnement/FHIR/TRE-R282-CNAMAmeliSecteurConventionnement,20231215120000,active,"1.2.250.1.213.1.6.1.135",TRE_R282_CNAMAmeliSecteurConventionnement,,"Secteur de conventionnement du professionnel libéral par la CNAM extracts ameli","ValueSet/JDV-J218-CNAMAmeliSecteurConventionnement-ROR"
https://mos.esante.gouv.fr/NOS/TRE_R283-NiveauConfidentialite/FHIR/TRE-R283-NiveauConfidentialite,20260505120000,active,"1.2.250.1.213.1.1.4.344",TRE_R283_NiveauConfidentialite,,"Niveau de restriction d'accès","ValueSet/JDV-J222-NiveauConfidentialite-ROR"
https://mos.esante.gouv.fr/NOS/TRE_R284-NiveauRecoursORSAN/FHIR/TRE-R284-NiveauRecoursORSAN,20231215120000,active,"1.2.250.1.213.1.1.4.345",TRE_R284_NiveauRecoursORSAN,,"Hiérarchisation fonctionnelle des Éts pour accueil patients après le SAMU","ValueSet/JDV-J204-NiveauRecoursORSAN-ROR"
https://mos.esante.gouv.fr/NOS/TRE_R286-TypeFermeture/FHIR/TRE-R286-TypeFermeture,20260505120000,active,"1.2.250.1.213.1.6.1.136",TRE_R286_TypeFermeture,,"Type de fermeture, codes provenant du FINESS pour les EJ et EG","ValueSet/JDV-J185-TypeFermeture-ROR,ValueSet/JDV-J201-TypeFermeture-ROR"
https://mos.esante.gouv.fr/NOS/TRE_R287-NatureContact/FHIR/TRE-R287-NatureContact,20241213120000,active,"1.2.250.1.213.3.3.67",TRE_R287_NatureContact,,"Un service ou un guichet assurant le contact au sein de l'organisation","ValueSet/JDV-J221-NatureContact-ROR"
https://mos.esante.gouv.fr/NOS/TRE_R288-TypeProfession/FHIR/TRE-R288-TypeProfession,20231215120000,active,"1.2.250.1.213.1.6.1.137",TRE_R288_TypeProfession,,"Type de profession","ValueSet/ror-usage-context-type-vs"
https://mos.esante.gouv.fr/NOS/TRE_R291-AutreProfession/FHIR/TRE-R291-AutreProfession,20231215120000,active,"1.2.250.1.213.1.6.1.140",TRE_R291_AutreProfession,,"Liste de professionnels non membres d'une profession réglementée","ValueSet/JDV-J106-EnsembleProfession-RASS"
https://mos.esante.gouv.fr/NOS/TRE_R30-RegionOM/FHIR/TRE-R30-RegionOM,20240628120000,active,"1.2.250.1.213.2.25",TRE_R30_RegionOM,,"Référentiel des codes régions et collectivités d'outre-mer provenant du COG INSEE + Monaco","ValueSet/JDV-J237-RegionOM-ROR"
https://mos.esante.gouv.fr/NOS/TRE_R302-ContexteCodeComplementaire/FHIR/TRE-R302-ContexteCodeComplementaire,20240426120000,active,"1.2.250.1.213.3.3.70",TRE_R302_ContexteCodeComplementaire,,"Liste des codes complémentaires utilisables dans un contexte particulier","ValueSet/JDV-J256-Pays"
https://mos.esante.gouv.fr/NOS/TRE_R32-StatutHospitalier/FHIR/TRE-R32-StatutHospitalier,20231215120000,active,"1.2.250.1.213.1.6.1.21",TRE_R32_StatutHospitalier,,"Statut hospitalier","ValueSet/JDV-J98-StatutHospitalier-RASS,ValueSet/fr-core-vs-practitioner-role-exercice"
https://mos.esante.gouv.fr/NOS/TRE_R329-NatureCapacite/FHIR/TRE-R329-NatureCapacite,20260505120000,active,"1.2.250.1.213.3.3.212",TRE_R329_NatureCapacite,,"Permet d'indiquer si la capacité est exprimée en lits ou en places","ValueSet/JDV-J187-NatureCapacite-ROR"
https://mos.esante.gouv.fr/NOS/TRE_R33-StatutInscription/FHIR/TRE-R33-StatutInscription,20231215120000,active,"1.2.250.1.213.1.6.1.12",TRE_R33_StatutInscription,,"Statut de l'inscription","ValueSet/JDV-J85-StatutInscription-RASS"
https://mos.esante.gouv.fr/NOS/TRE_R330-TypeStatutCapacite/FHIR/TRE-R330-TypeStatutCapacite,20250328120000,active,"1.2.250.1.213.3.3.213",TRE_R330_TypeStatutCapacite,,"Permet de préciser le statut des capacités concernées","ValueSet/JDV-J188-TypeStatutCapacite-ROR"
https://mos.esante.gouv.fr/NOS/TRE_R331-TemporaliteCapacite/FHIR/TRE-R331-TemporaliteCapacite,20231215120000,active,"1.2.250.1.213.3.3.214",TRE_R331_TemporaliteCapacite,,"Sert à indiquer le moment où une capacité sera effective. Il est ainsi possible de décrire la situation immédiate ou de fournir une information prospective de capacités, prenant notamment en compte les entrées et sorties déjà identifiés de patients","ValueSet/JDV-J189-TemporaliteCapacite-ROR"
https://mos.esante.gouv.fr/NOS/TRE_R332-GenreCapacite/FHIR/TRE-R332-GenreCapacite,20250828120000,active,"1.2.250.1.213.3.3.215",TRE_R332_GenreCapacite,,"Permet d'indiquer le genre des patients qui peuvent être installés dans des lits disponibles","ValueSet/JDV-J190-GenreCapacite-ROR"
https://mos.esante.gouv.fr/NOS/TRE_R333-TypeFermetureCapacite/FHIR/TRE-R333-TypeFermetureCapacite,20231215120000,active,"1.2.250.1.213.3.3.216",TRE_R333_TypeFermetureCapacite,,"Permet d'indiquer le statut de lits fermés, afin d'identifier le nombre de lits fermés qui peuvent être réactivés en cas de besoin et le nombre de ceux qui ne peuvent pas l'être","ValueSet/JDV-J191-TypeFermetureCapacite-ROR"
https://mos.esante.gouv.fr/NOS/TRE_R334-TypeLitSupplementaire/FHIR/TRE-R334-TypeLitSupplementaire,20231215120000,active,"1.2.250.1.213.3.3.217",TRE_R334_TypeLitSupplementaire,,"Permet d'indiquer le statut de lits supplémentaires, pour identifier le nombre de lits supplémentaires déjà mobilisés et, par typologie de mobilisation possible, le nombre de lits qui ne le sont pas encore","ValueSet/JDV-J192-TypeLitSupplementaire-ROR"
https://mos.esante.gouv.fr/NOS/TRE_R335-TypeSourceCapacite/FHIR/TRE-R335-TypeSourceCapacite,20231215120000,active,"1.2.250.1.213.3.3.218",TRE_R335_TypeSourceCapacite,,"Permet d'indiquer quel type de source est à l'origine de l'information de capacité","ValueSet/JDV-J193-TypeSourceCapacite-ROR"
https://mos.esante.gouv.fr/NOS/TRE_R336-TypeCrise/FHIR/TRE-R336-TypeCrise,20231215120000,active,"1.2.250.1.213.3.3.219",TRE_R336_TypeCrise,,"Permet d'indiquer le type de crise qui permet de mobiliser le nombre de lits supplémentaires décrits","ValueSet/JDV-J194-TypeCrise-ROR"
https://mos.esante.gouv.fr/NOS/TRE_R337-AffectationTemporaire/FHIR/TRE-R337-AffectationTemporaire,20231215120000,active,"1.2.250.1.213.3.3.220",TRE_R337_AffectationTemporaire,,"Permet d'indiquer la réservation de tout ou partie des lits d'une zone d'hébergement pour des patients selon qu'ils soient -ou non- concernés par une pathologie (Covid+, Covid-, …) ou un évènement (catastrophe naturelle, attentat, …)","ValueSet/JDV-J195-AffectationTemporaire-ROR"
https://mos.esante.gouv.fr/NOS/TRE_R338-ModaliteAccueil/FHIR/TRE-R338-ModaliteAccueil,20260330120000,active,"1.2.250.1.213.3.3.221",TRE_R338_ModaliteAccueil,,"Modalités d'accueil","ValueSet/JDV-J226-ModaliteAccueil-ROR"
https://mos.esante.gouv.fr/NOS/TRE_R34-StatutProfessionnelSSA/FHIR/TRE-R34-StatutProfessionnelSSA,20231215120000,active,"1.2.250.1.213.1.6.1.23",TRE_R34_StatutProfessionnelSSA,,"Statut du professionnel au SSA","ValueSet/JDV-J97-StatutProfessionnelSSA-RASS"
https://mos.esante.gouv.fr/NOS/TRE_R340-TypeCaracteristiqueEquipement/FHIR/TRE-R340-TypeCaracteristiqueEquipement,20240329120000,active,"1.2.250.1.213.3.3.223",TRE_R340_TypeCaracteristiqueEquipement,,"Type de caractéristique de l'équipement","ValueSet/JDV-J228-TypeCaracteristiqueEquipement-ROR"
https://mos.esante.gouv.fr/NOS/TRE_R343-FonctionLieu/FHIR/TRE-R343-FonctionLieu,20251222120000,active,"1.2.250.1.213.3.3.227",TRE_R343_FonctionLieu,,"Destination d'usage du lieu","ValueSet/JDV-J198-FonctionLieu-ROR"
https://mos.esante.gouv.fr/NOS/TRE_R344-NiveauExpertise/FHIR/TRE-R344-NiveauExpertise,20251222120000,active,"1.2.250.1.213.3.3.228",TRE_R344_NiveauExpertise,,"Le niveau d'expertise atteste du niveau de ressources humaines et matérielles engagées dans la réalisation de l'offre et défini dans un cahier des charges officiel.","ValueSet/JDV-J227-NiveauExpertise-ROR"
https://mos.esante.gouv.fr/NOS/TRE_R348-FormationSpecialiseeTransversale/FHIR/TRE-R348-FormationSpecialiseeTransversale,20251222120000,active,"1.2.250.1.213.1.6.1.251",TRE_R348_FormationSpecialiseeTransversale,,"Formation Spécialisée Transversale (FST)","ValueSet/JDV-J105-EnsembleDiplome-RASS"
https://mos.esante.gouv.fr/NOS/TRE_R349-ActionAnomalie/FHIR/TRE-R349-ActionAnomalie,20231215120000,active,"1.2.250.1.213.3.3.239",TRE_R349_ActionAnomalie,,"Action attendue dans le cadre de la gestion d'une anomalie","ValueSet/JDV-J242-ActionAnomalie-ROR"
https://mos.esante.gouv.fr/NOS/TRE_R35-TypeVoie/FHIR/TRE-R35-TypeVoie,20231215120000,retired,"1.2.250.1.213.2.44",TRE_R35_TypeVoie,,"Type de voie","ValueSet/JDV-J219-TypeVoie-ROR"
https://mos.esante.gouv.fr/NOS/TRE_R350-ThematiqueAnomalie/FHIR/TRE-R350-ThematiqueAnomalie,20231215120000,active,"1.2.250.1.213.3.3.240",TRE_R350_ThematiqueAnomalie,,"Thématique caractérisant une anomalie","ValueSet/JDV-J241-ThematiqueAnomalie-ROR"
https://mos.esante.gouv.fr/NOS/TRE_R352-StatutMetierAnomalie/FHIR/TRE-R352-StatutMetierAnomalie,20231215120000,active,"1.2.250.1.213.3.3.242",TRE_R352_StatutMetierAnomalie,,"Statut métier des anomalies","ValueSet/JDV-J244-StatutMetierAnomalie-ROR"
https://mos.esante.gouv.fr/NOS/TRE_R356-ProfessionRessource/FHIR/TRE-R356-ProfessionRessource,20250918120000,active,"1.2.250.1.213.3.3.246",TRE_R356_ProfessionRessource,,"Profession Ressource","ValueSet/JDV-J229-ProfessionSante-ROR,ValueSet/JDV-J186-ProfessionRessource-ROR"
https://mos.esante.gouv.fr/NOS/TRE_R359-SurspecialiteTransversale/FHIR/TRE-R359-SurspecialiteTransversale,20251222120000,active,"1.2.250.1.213.2.76",TRE_R359_SurspecialiteTransversale,,"Surspécialité (compétence) acquise par l'interne à l'issue d'une Formation Spécialisée Transversale (FST)","ValueSet/JDV-J107-EnsembleSavoirFaire-RASS"
https://mos.esante.gouv.fr/NOS/TRE_R36-AutreDiplomeObtenu/FHIR/TRE-R36-AutreDiplomeObtenu,20231215120000,active,"1.2.250.1.213.1.6.1.54",TRE_R36_AutreDiplomeObtenu,,"Autre diplôme obtenu","ValueSet/JDV-J105-EnsembleDiplome-RASS"
https://mos.esante.gouv.fr/NOS/TRE_R38-SpecialiteOrdinale/FHIR/TRE-R38-SpecialiteOrdinale,20240531120000,active,"1.2.250.1.213.2.28",TRE_R38_SpecialiteOrdinale,,"Spécialité ordinale","ValueSet/fr-core-vs-practitioner-specialty,ValueSet/JDV-J107-EnsembleSavoirFaire-RASS,ValueSet/JDV-J210-SpecialiteOrdinale-ROR"
https://mos.esante.gouv.fr/NOS/TRE_R39-Competence/FHIR/TRE-R39-Competence,20240628120000,active,"1.2.250.1.213.2.29",TRE_R39_Competence,,"Compétence","ValueSet/JDV-J107-EnsembleSavoirFaire-RASS,ValueSet/JDV-J232-Competence-ROR"
https://mos.esante.gouv.fr/NOS/TRE_R40-CompetenceExclusive/FHIR/TRE-R40-CompetenceExclusive,20231215120000,active,"1.2.250.1.213.2.30",TRE_R40_CompetenceExclusive,,"Compétence exclusive","ValueSet/JDV-J211-CompetenceExclusive-ROR,ValueSet/JDV-J107-EnsembleSavoirFaire-RASS"
https://mos.esante.gouv.fr/NOS/TRE_R42-DESCnonQualifiant/FHIR/TRE-R42-DESCnonQualifiant,20240628120000,active,"1.2.250.1.213.2.32",TRE_R42_DESCnonQualifiant,,"Savoir-faire liés aux DESC du groupe 1 non qualifiants","ValueSet/JDV-J215-DESCnonQualifiant-ROR,ValueSet/JDV-J107-EnsembleSavoirFaire-RASS"
https://mos.esante.gouv.fr/NOS/TRE_R43-CapaciteSavoirFaire/FHIR/TRE-R43-CapaciteSavoirFaire,20231215120000,active,"1.2.250.1.213.2.33",TRE_R43_CapaciteSavoirFaire,,"Capacité (savoir-faire)","ValueSet/JDV-J107-EnsembleSavoirFaire-RASS,ValueSet/JDV-J213-CapaciteSavoirFaire-ROR"
https://mos.esante.gouv.fr/NOS/TRE_R44-QualificationPAC/FHIR/TRE-R44-QualificationPAC,20231215120000,active,"1.2.250.1.213.2.34",TRE_R44_QualificationPAC,,"Qualification de praticien adjoint contractuel","ValueSet/JDV-J214-QualificationPAC-ROR,ValueSet/JDV-J107-EnsembleSavoirFaire-RASS"
https://mos.esante.gouv.fr/NOS/TRE_R45-FonctionQualifiee/FHIR/TRE-R45-FonctionQualifiee,20231215120000,active,"1.2.250.1.213.2.35",TRE_R45_FonctionQualifiee,,"Fonction qualifiée","ValueSet/JDV-J107-EnsembleSavoirFaire-RASS"
https://mos.esante.gouv.fr/NOS/TRE_R48-DiplomeEtatFrancais/FHIR/TRE-R48-DiplomeEtatFrancais,20250425120000,active,"1.2.250.1.213.1.6.1.31",TRE_R48_DiplomeEtatFrancais,,"Diplôme de l'Etat français","ValueSet/JDV-J105-EnsembleDiplome-RASS"
https://mos.esante.gouv.fr/NOS/TRE_R49-DiplomeEtudeSpecialisee/FHIR/TRE-R49-DiplomeEtudeSpecialisee,20240531120000,active,"1.2.250.1.213.1.6.1.32",TRE_R49_DiplomeEtudeSpecialisee,,"Diplôme d'Etudes Spécialisées","ValueSet/JDV-J105-EnsembleDiplome-RASS"
https://mos.esante.gouv.fr/NOS/TRE_R50-DESCGroupe1Diplome/FHIR/TRE-R50-DESCGroupe1Diplome,20231215120000,active,"1.2.250.1.213.1.6.1.48",TRE_R50_DESCGroupe1Diplome,,"DESC Groupe 1 (diplôme)","ValueSet/JDV-J105-EnsembleDiplome-RASS"
https://mos.esante.gouv.fr/NOS/TRE_R51-DESCGroupe2Diplome/FHIR/TRE-R51-DESCGroupe2Diplome,20231215120000,active,"1.2.250.1.213.1.6.1.49",TRE_R51_DESCGroupe2Diplome,,"DESC Groupe 2 (diplôme)","ValueSet/JDV-J105-EnsembleDiplome-RASS"
https://mos.esante.gouv.fr/NOS/TRE_R52-CapaciteDiplome/FHIR/TRE-R52-CapaciteDiplome,20231215120000,active,"1.2.250.1.213.1.6.1.50",TRE_R52_CapaciteDiplome,,"Capacité (diplôme)","ValueSet/JDV-J105-EnsembleDiplome-RASS"
https://mos.esante.gouv.fr/NOS/TRE_R53-DiplomePaysEEE/FHIR/TRE-R53-DiplomePaysEEE,20231215120000,active,"1.2.250.1.213.1.6.1.51",TRE_R53_DiplomePaysEEE,,"Diplôme d'un pays de l'EEE","ValueSet/JDV-J105-EnsembleDiplome-RASS"
https://mos.esante.gouv.fr/NOS/TRE_R54-DiplomeUniversiteInterUniversitaire/FHIR/TRE-R54-DiplomeUniversiteInterUniversitaire,20240726120000,active,"1.2.250.1.213.1.6.1.34",TRE_R54_DiplomeUniversiteInterUniversitaire,,"Diplôme d'Université ou Inter-Universitaire","ValueSet/JDV-J105-EnsembleDiplome-RASS"
https://mos.esante.gouv.fr/NOS/TRE_R55-CertificatEtudeSpeciale/FHIR/TRE-R55-CertificatEtudeSpeciale,20231215120000,active,"1.2.250.1.213.1.6.1.52",TRE_R55_CertificatEtudeSpeciale,,"Certificat d'Etude Spéciale","ValueSet/JDV-J105-EnsembleDiplome-RASS"
https://mos.esante.gouv.fr/NOS/TRE_R56-Attestation/FHIR/TRE-R56-Attestation,20240329120000,active,"1.2.250.1.213.1.6.1.27",TRE_R56_Attestation,,"Attestation","ValueSet/JDV-J105-EnsembleDiplome-RASS"
https://mos.esante.gouv.fr/NOS/TRE_R57-DiplomeEuropeenEtudeSpecialisee/FHIR/TRE-R57-DiplomeEuropeenEtudeSpecialisee,20231215120000,active,"1.2.250.1.213.1.6.1.33",TRE_R57_DiplomeEuropeenEtudeSpecialisee,,"Diplôme Européen d'Etudes Spécialisées","ValueSet/JDV-J105-EnsembleDiplome-RASS"
https://mos.esante.gouv.fr/NOS/TRE_R58-AutreTypeDiplome/FHIR/TRE-R58-AutreTypeDiplome,20260223120000,active,"1.2.250.1.213.1.6.1.53",TRE_R58_AutreTypeDiplome,,"Autre type de diplôme","ValueSet/JDV-J105-EnsembleDiplome-RASS"
https://mos.esante.gouv.fr/NOS/TRE_R60-AutoriteEnregistrement/FHIR/TRE-R60-AutoriteEnregistrement,20240628120000,active,"1.2.250.1.213.1.6.1.57",TRE_R60_AutoriteEnregistrement,,"Autorité d'enregistrement","ValueSet/JDV-J83-AutoriteEnregistrement-RASS"
https://mos.esante.gouv.fr/NOS/TRE_R66-CategorieEtablissement/FHIR/TRE-R66-CategorieEtablissement,20260505120000,active,"1.2.250.1.213.1.6.1.8",TRE_R66_CategorieEtablissement,,"Catégorie d'établissements","ValueSet/JDV-J129-CategorieEtablissement-RASS,ValueSet/JDV-J55-CategorieEG-ROR"
https://mos.esante.gouv.fr/NOS/TRE_R67-TypeStructure-EJ-EG/FHIR/TRE-R67-TypeStructure-EJ-EG,20231215120000,active,"1.2.250.1.213.1.6.1.62",TRE_R67_TypeStructure_EJ_EG,,"Type de structure","ValueSet/ror-usage-context-type-vs,ValueSet/JDV-J203-TypeOrganisationInterne-ROR"
https://mos.esante.gouv.fr/NOS/TRE_R72-FinessStatutJuridique/FHIR/TRE-R72-FinessStatutJuridique,20240329120000,active,"1.2.250.1.213.1.6.1.44",TRE_R72_FinessStatutJuridique,,"Statuts juridiques provenant de FINESS, excepté pour les codes 000 et 100 à 110 qui ont été ajoutés pour les besoins du RPPS en 2017.","ValueSet/JDV-J199-StatutJuridique-ROR"
https://mos.esante.gouv.fr/NOS/TRE_R73-ESPIC/FHIR/TRE-R73-ESPIC,20231215120000,active,"1.2.250.1.213.1.6.1.45",TRE_R73_ESPIC,,"Etablissement de santé privé d'intérêt collectif","ValueSet/JDV-J202-ESPIC-ROR"
https://mos.esante.gouv.fr/NOS/TRE_R81-Civilite/FHIR/TRE-R81-Civilite,20231215120000,active,"1.2.250.1.213.1.6.1.69",TRE_R81_Civilite,,"Civilité","ValueSet/JDV-J245-Civilite-CISIS,ValueSet/JDV-J207-Civilite-ROR"
https://mos.esante.gouv.fr/NOS/TRE_R85-RolePriseCharge/FHIR/TRE-R85-RolePriseCharge,20260505120000,active,"1.2.250.1.213.1.6.1.107",TRE_R85_RolePriseCharge,,"Rôle dans la prise en charge des patients ou des usagers","ValueSet/JDV-J108-EnsembleFonction-RASS,ValueSet/JDV-J186-ProfessionRessource-ROR,ValueSet/fr-core-vs-practitioner-role-exercice"
https://mos.esante.gouv.fr/NOS/TRE_R87-TypeCarte/FHIR/TRE-R87-TypeCarte,20231215120000,active,"1.2.250.1.213.1.6.1.106",TRE_R87_TypeCarte,,"Type de carte","ValueSet/JDV-J128-TypeCarte-RASS"
https://mos.esante.gouv.fr/NOS/TRE_R94-ProfessionSocial/FHIR/TRE-R94-ProfessionSocial,20241213120000,active,"1.2.250.1.213.1.6.1.4",TRE_R94_ProfessionSocial,,"Profession du social","ValueSet/JDV-J186-ProfessionRessource-ROR,ValueSet/JDV-J106-EnsembleProfession-RASS"
https://mos.esante.gouv.fr/NOS/TRE_R95-UsagerTitre/FHIR/TRE-R95-UsagerTitre,20241213120000,active,"1.2.250.1.213.1.6.1.109",TRE_R95_UsagerTitre,,"Usager de titre professionnel","ValueSet/JDV-J186-ProfessionRessource-ROR,ValueSet/JDV-J106-EnsembleProfession-RASS"
https://mos.esante.gouv.fr/NOS/TRE_R96-AutreFonctionSanitaire/FHIR/TRE-R96-AutreFonctionSanitaire,20231215120000,active,"1.2.250.1.213.1.6.1.110",TRE_R96_AutreFonctionSanitaire,,"Autres fonctions du domaine sanitaire","ValueSet/JDV-J108-EnsembleFonction-RASS,ValueSet/JDV-J186-ProfessionRessource-ROR,ValueSet/fr-core-vs-practitioner-role-exercice"
https://mos.esante.gouv.fr/NOS/TRE_R97-DroitExerciceCompl/FHIR/TRE-R97-DroitExerciceCompl,20231215120000,active,"1.2.250.1.213.1.6.1.111",TRE_R97_DroitExerciceCompl,,"Droit d'exercice complémentaire","ValueSet/JDV-J216-DroitExerciceCompl-ROR,ValueSet/JDV-J107-EnsembleSavoirFaire-RASS"
https://smt.esante.gouv.fr/fhir/CodeSystem/tre-r394-competence-metier,20250625120000,active,"1.2.250.1.213.1.6.1.375",TreR394CompetenceMetier,Tre R394 Competence Metier,"Type de savoir-faire opérationnel, transversal ou spécifique, acquis et exercé à titre non exclusif dans le cadre d’une activité professionnelle reconnue.","ValueSet/JDV-J107-EnsembleSavoirFaire-RASS"
urn:ietf:bcp:47,2.0.1,active,,Ietf3066,Tags for the Identification of Languages,"Older value from OID registry.  Superceded; see recommendations in BCP-47.","ValueSet/languages"
urn:iso:std:iso:3166,1.0.1,active,"1.0.3166.1",ISO3166Part1,ISO 3166-1 Codes for the representation of names of countries and their subdivisions — Part 1: Country code,"ISO 3166-1 establishes codes that represent the current names of countries, dependencies, and other areas of particular geopolitical interest, on the basis of country names obtained from the United Nations.","ValueSet/jurisdiction,ValueSet/use-context"
urn:iso:std:iso:3166:-2,1.0.1,active,"1.0.3166.2",ISO3166Part2,ISO 3166-2 Codes for the representation of names of countries and their subdivisions — Part 2: Country subdivision code,"ISO 3166-2 establishes a code that represents the names of the principal administrative divisions, or similar areas, of the countries and entities included in ISO 3166-1.","ValueSet/jurisdiction"
