URL,Version,Status,OIDs,Name,Title,Description,Uses,Used,Sources
http://hl7.org/fhir/ValueSet/address-type,4.0.1,active,"2.16.840.1.113883.4.642.3.69",AddressType,AddressType,"The type of an address (physical / postal).","StructureDefinition/ror-location,StructureDefinition/ror-organization","hl7.fhir.r4.core"
http://hl7.org/fhir/ValueSet/address-use,4.0.1,active,"2.16.840.1.113883.4.642.3.67",AddressUse,AddressUse,"The use of an address.","StructureDefinition/ror-location,StructureDefinition/ror-organization","hl7.fhir.r4.core"
http://hl7.org/fhir/ValueSet/administrative-gender,4.0.1,active,"2.16.840.1.113883.4.642.3.1",AdministrativeGender,AdministrativeGender,"The gender of a person used for administrative purposes.","StructureDefinition/ror-practitioner,StructureDefinition/ror-person","hl7.fhir.r4.core"
http://hl7.org/fhir/ValueSet/common-tags,4.0.1,draft,"2.16.840.1.113883.4.642.3.79",CommonTags,Common Tags,"Common Tag Codes defined by FHIR project","StructureDefinition/ror-internal-organization,StructureDefinition/ror-location,StructureDefinition/ror-practitionerrole,StructureDefinition/ror-core-organization-uf,StructureDefinition/ror-healthcareservice,StructureDefinition/ror-practitioner,StructureDefinition/ror-organization,StructureDefinition/ror-person","THO"
http://hl7.org/fhir/ValueSet/composite-measure-scoring,4.0.1,draft,"2.16.840.1.113883.4.642.3.773",CompositeMeasureScoring,CompositeMeasureScoring,"The composite scoring method of the measure.","StructureDefinition/ror-measure","THO"
http://hl7.org/fhir/ValueSet/contact-point-system,4.0.1,active,"2.16.840.1.113883.4.642.3.71",ContactPointSystem,ContactPointSystem,"Telecommunications form for contact point.","StructureDefinition/ror-internal-organization,StructureDefinition/ror-location,StructureDefinition/ror-practitionerrole,StructureDefinition/ror-core-organization-uf,StructureDefinition/ror-healthcareservice,StructureDefinition/ror-practitioner,StructureDefinition/ror-organization,StructureDefinition/ror-person","hl7.fhir.r4.core"
http://hl7.org/fhir/ValueSet/contact-point-use,4.0.1,active,"2.16.840.1.113883.4.642.3.73",ContactPointUse,ContactPointUse,"Use of contact point.","StructureDefinition/ror-internal-organization,StructureDefinition/ror-location,StructureDefinition/ror-practitionerrole,StructureDefinition/ror-core-organization-uf,StructureDefinition/ror-healthcareservice,StructureDefinition/ror-practitioner,StructureDefinition/ror-organization,StructureDefinition/ror-person","hl7.fhir.r4.core"
http://hl7.org/fhir/ValueSet/contactentity-type,4.0.1,draft,"2.16.840.1.113883.4.642.3.416",ContactEntityType,Contact entity type,"This example value set defines a set of codes that can be used to indicate the purpose for which you would contact a contact party.","StructureDefinition/ror-internal-organization,StructureDefinition/ror-core-organization-uf","THO"
http://hl7.org/fhir/ValueSet/days-of-week,4.0.1,active,"2.16.840.1.113883.4.642.3.512",DaysOfWeek,DaysOfWeek,"The days of the week.","StructureDefinition/ror-location,StructureDefinition/ror-practitionerrole,StructureDefinition/ror-healthcareservice","hl7.fhir.r4.core"
http://hl7.org/fhir/ValueSet/definition-topic,4.0.1,draft,"2.16.840.1.113883.4.642.3.794",DefinitionTopic,DefinitionTopic,"High-level categorization of the definition, used for searching, sorting, and filtering.","StructureDefinition/ror-measure","THO"
http://hl7.org/fhir/ValueSet/identifier-type,4.0.1,active,"2.16.840.1.113883.4.642.3.45",Identifier Type Codes,IdentifierType,"A coded type for an identifier that can be used to determine which identifier to use for a specific purpose.","StructureDefinition/ror-internal-organization,StructureDefinition/ror-location,StructureDefinition/ror-practitionerrole,StructureDefinition/ror-core-organization-uf,StructureDefinition/ror-healthcareservice,StructureDefinition/ror-organization","THO (V2)"
http://hl7.org/fhir/ValueSet/identifier-use,4.0.1,active,"2.16.840.1.113883.4.642.3.57",IdentifierUse,IdentifierUse,"Identifies the purpose for this identifier, if known .","StructureDefinition/ror-internal-organization,StructureDefinition/ror-location,StructureDefinition/ror-practitionerrole,StructureDefinition/ror-core-organization-uf,StructureDefinition/ror-healthcareservice,StructureDefinition/ror-practitioner,StructureDefinition/ror-organization","hl7.fhir.r4.core"
http://hl7.org/fhir/ValueSet/identity-assuranceLevel,4.0.1,draft,"2.16.840.1.113883.4.642.3.656",IdentityAssuranceLevel,IdentityAssuranceLevel,"The level of confidence that this link represents the same actual person, based on NIST Authentication Levels.","StructureDefinition/ror-person","hl7.fhir.r4.core"
http://hl7.org/fhir/ValueSet/item-type,4.0.1,draft,"2.16.840.1.113883.4.642.3.444",QuestionnaireItemType,QuestionnaireItemType,"Distinguishes groups from questions and display text and indicates data type for questions.","StructureDefinition/ror-questionnaire-healthcareservice","hl7.fhir.r4.core"
http://hl7.org/fhir/ValueSet/jurisdiction,4.0.1,active,"2.16.840.1.113883.4.642.3.48",Jurisdiction ValueSet,Jurisdiction,"This value set defines a base set of codes for country, country subdivision and region    for indicating where a resource is intended to be used.             Note: The codes for countries and country subdivisions are taken from    [ISO 3166](https://www.iso.org/iso-3166-country-codes.html)    while the codes for ""supra-national"" regions are from    [UN Standard country or area codes for statistical use (M49)](http://unstats.un.org/unsd/methods/m49/m49.htm).","StructureDefinition/ror-questionnaire-healthcareservice,StructureDefinition/ror-measure","hl7.terminology.r4,Other"
http://hl7.org/fhir/ValueSet/languages,4.0.1,draft,"2.16.840.1.113883.4.642.3.20",CommonLanguages,Common Languages,"This value set includes common codes from BCP-47 (http://tools.ietf.org/html/bcp47)","StructureDefinition/ror-internal-organization,StructureDefinition/ror-location,StructureDefinition/ror-measurereport,StructureDefinition/ror-questionnaire-healthcareservice,StructureDefinition/ror-practitionerrole,StructureDefinition/ror-measure,StructureDefinition/ror-core-organization-uf,StructureDefinition/ror-healthcareservice,StructureDefinition/ror-practitioner,StructureDefinition/ror-task,StructureDefinition/ror-organization,StructureDefinition/ror-person","hl7.fhir.uv.xver-r5.r4"
http://hl7.org/fhir/ValueSet/location-mode,4.0.1,draft,"2.16.840.1.113883.4.642.3.330",LocationMode,LocationMode,"Indicates whether a resource instance represents a specific location or a class of locations.","StructureDefinition/ror-location","hl7.fhir.r4.core"
http://hl7.org/fhir/ValueSet/location-physical-type,4.0.1,draft,"2.16.840.1.113883.4.642.3.328",LocationType,Location type,"This example value set defines a set of codes that can be used to indicate the physical form of the Location.","StructureDefinition/ror-location","THO"
http://hl7.org/fhir/ValueSet/location-status,4.0.1,draft,"2.16.840.1.113883.4.642.3.332",LocationStatus,LocationStatus,"Indicates whether the location is still in use.","StructureDefinition/ror-location","hl7.fhir.r4.core"
http://hl7.org/fhir/ValueSet/measure-data-usage,4.0.1,draft,"2.16.840.1.113883.4.642.3.771",MeasureDataUsage,MeasureDataUsage,"The intended usage for supplemental data elements in the measure.","StructureDefinition/ror-measure","THO"
http://hl7.org/fhir/ValueSet/measure-improvement-notation,4.0.1,draft,"2.16.840.1.113883.4.642.3.1236",MeasureImprovementNotation,MeasureImprovementNotation,"Observation values that indicate what change in a measurement value or score is indicative of an improvement in the measured item or scored issue.","StructureDefinition/ror-measurereport,StructureDefinition/ror-measure","THO"
http://hl7.org/fhir/ValueSet/measure-population,4.0.1,draft,"2.16.840.1.113883.4.642.3.765",MeasurePopulationType,MeasurePopulationType,"The type of population.","StructureDefinition/ror-measurereport,StructureDefinition/ror-measure","THO"
http://hl7.org/fhir/ValueSet/measure-report-status,4.0.1,draft,"2.16.840.1.113883.4.642.3.776",MeasureReportStatus,MeasureReportStatus,"The status of the measure report.","StructureDefinition/ror-measurereport","hl7.fhir.r4.core"
http://hl7.org/fhir/ValueSet/measure-report-type,4.0.1,draft,"2.16.840.1.113883.4.642.3.778",MeasureReportType,MeasureReportType,"The type of the measure report.","StructureDefinition/ror-measurereport","hl7.fhir.r4.core"
http://hl7.org/fhir/ValueSet/measure-scoring,4.0.1,draft,"2.16.840.1.113883.4.642.3.767",MeasureScoring,MeasureScoring,"The scoring type of the measure.","StructureDefinition/ror-measure","THO"
http://hl7.org/fhir/ValueSet/measure-type,4.0.1,draft,"2.16.840.1.113883.4.642.3.769",MeasureType,MeasureType,"The type of measure (includes codes from 2.16.840.1.113883.1.11.20368).","StructureDefinition/ror-measure","THO"
http://hl7.org/fhir/ValueSet/name-use,4.0.1,active,"2.16.840.1.113883.4.642.3.65",NameUse,NameUse,"The use of a human name.","StructureDefinition/ror-practitioner,StructureDefinition/ror-person","hl7.fhir.r4.core"
http://hl7.org/fhir/ValueSet/performer-role,4.0.1,draft,"2.16.840.1.113883.4.642.3.433",ProcedurePerformerRoleCodes,Procedure Performer Role Codes,"This example value set defines the set of codes that can be used to indicate a role of a procedure performer.","StructureDefinition/ror-task","SCT"
http://hl7.org/fhir/ValueSet/program,4.0.1,draft,"2.16.840.1.113883.4.642.3.1383",Program,Program,"This value set defines an example set of codes that could be can be used to classify groupings of service-types/specialties.","StructureDefinition/ror-healthcareservice","THO"
http://hl7.org/fhir/ValueSet/publication-status,4.0.1,active,"2.16.840.1.113883.4.642.3.3",PublicationStatus,PublicationStatus,"The lifecycle status of an artifact.","StructureDefinition/ror-measure","hl7.fhir.r4.core"
http://hl7.org/fhir/ValueSet/quantity-comparator,4.0.1,active,"2.16.840.1.113883.4.642.3.59",QuantityComparator,QuantityComparator,"How the Quantity should be understood and represented.","StructureDefinition/ror-healthcareservice-patient-type","hl7.fhir.r4.core"
http://hl7.org/fhir/ValueSet/questionnaire-answers,4.0.1,draft,"2.16.840.1.113883.4.642.3.446",QuestionnaireAnswerCodes,Questionnaire Answer Codes,"Example list of codes for answers to questions. (Not complete or necessarily appropriate.)","StructureDefinition/ror-questionnaire-healthcareservice","SCT"
http://hl7.org/fhir/ValueSet/questionnaire-enable-behavior,4.0.1,draft,"2.16.840.1.113883.4.642.3.1007",EnableWhenBehavior,EnableWhenBehavior,"Controls how multiple enableWhen values are interpreted -  whether all or any must be true.","StructureDefinition/ror-questionnaire-healthcareservice","hl7.fhir.r4.core"
http://hl7.org/fhir/ValueSet/questionnaire-enable-operator,4.0.1,draft,"2.16.840.1.113883.4.642.3.1005",QuestionnaireItemOperator,QuestionnaireItemOperator,"The criteria by which a question is enabled.","StructureDefinition/ror-questionnaire-healthcareservice","hl7.fhir.r4.core"
http://hl7.org/fhir/ValueSet/questionnaire-questions,4.0.1,draft,"2.16.840.1.113883.4.642.3.443",QuestionnaireQuestionCodes,Questionnaire Question Codes,"Example list of codes for questions and groups of questions. (Not necessarily complete or appropriate.)","StructureDefinition/ror-questionnaire-healthcareservice","LOINC"
http://hl7.org/fhir/ValueSet/request-priority,4.0.1,draft,"2.16.840.1.113883.4.642.3.115",RequestPriority,Request priority,"The clinical priority of a diagnostic order.","StructureDefinition/ror-task","hl7.fhir.r4.core"
http://hl7.org/fhir/ValueSet/resource-types,4.0.1,active,"2.16.840.1.113883.4.642.3.27",ResourceType,ResourceType,"One of the resource types defined as part of this version of FHIR.","StructureDefinition/ror-questionnaire-healthcareservice,StructureDefinition/ror-launchcontext","hl7.fhir.r4.core"
http://hl7.org/fhir/ValueSet/security-labels,4.0.1,active,"2.16.840.1.113883.4.642.3.47",All Security Labels,SecurityLabels,"A single value set for all security labels defined by FHIR.","StructureDefinition/ror-internal-organization,StructureDefinition/ror-location,StructureDefinition/ror-practitionerrole,StructureDefinition/ror-core-organization-uf,StructureDefinition/ror-healthcareservice,StructureDefinition/ror-practitioner,StructureDefinition/ror-organization,StructureDefinition/ror-person",
http://hl7.org/fhir/ValueSet/service-provision-conditions,4.0.1,draft,"2.16.840.1.113883.4.642.3.514",ServiceProvisionConditions,ServiceProvisionConditions,"The code(s) that detail the conditions under which the healthcare service is available/offered.","StructureDefinition/ror-healthcareservice","THO"
http://hl7.org/fhir/ValueSet/service-referral-method,4.0.1,draft,"2.16.840.1.113883.4.642.3.510",ReferralMethod,ReferralMethod,"The methods of referral can be used when referring to a specific HealthCareService resource.","StructureDefinition/ror-healthcareservice","THO"
http://hl7.org/fhir/ValueSet/subject-type,4.0.1,draft,"2.16.840.1.113883.4.642.3.775",SubjectType,Subject type,"Possible types of subjects.","StructureDefinition/ror-measure","hl7.fhir.r4.core"
http://hl7.org/fhir/ValueSet/task-intent,4.0.1,draft,"2.16.840.1.113883.4.642.3.1240",TaskIntent,TaskIntent,"Distinguishes whether the task is a proposal, plan or full order.","StructureDefinition/ror-task","hl7.fhir.r4.core"
http://hl7.org/fhir/ValueSet/task-status,4.0.1,draft,"2.16.840.1.113883.4.642.3.790",TaskStatus,TaskStatus,"The current status of the task.","StructureDefinition/ror-task","hl7.fhir.r4.core"
http://hl7.org/fhir/ValueSet/use-context,4.0.1,draft,"2.16.840.1.113883.4.642.3.28",Context of Use ValueSet,ConformanceUseContext,"This value set defines a base set of codes that can be used to indicate that the content in a resource was developed with a focus and intent of supporting use within particular contexts.","StructureDefinition/ror-questionnaire-healthcareservice","SCT,hl7.terminology.r4,Other"
http://terminology.hl7.org/ValueSet/v2-2.7-0360,0360,active,,v2.0360.2.7,v2 table 0360, Version 2.7,"FHIR Value set/code system definition for HL7 v2 table 0360 ver 2.9 ( Degree/License/Certificate)","StructureDefinition/ror-practitioner","THO (V2)"
https://hl7.fr/ig/fhir/core/ValueSet/fr-core-vs-email-type,2.2.0,draft,,FRCoreValueSetEmailType,FR Core ValueSet Email type,"The type of email","StructureDefinition/ror-internal-organization,StructureDefinition/ror-practitionerrole,StructureDefinition/ror-core-organization-uf,StructureDefinition/ror-healthcareservice,StructureDefinition/ror-practitioner,StructureDefinition/ror-organization","ans.fr.terminologies"
https://hl7.fr/ig/fhir/core/ValueSet/fr-core-vs-organization-etablissement-type,2.2.0,active,,FRCoreValueSetOrganizationEtablissementType,FR Core ValueSet Organization Etablisement type,"Types d'organisation représentant des établissements.","StructureDefinition/ror-organization","hl7.fhir.fr.core"
https://hl7.fr/ig/fhir/core/ValueSet/fr-core-vs-organization-identifier-type,2.2.0,active,,FRCoreValueSetOrganizationIdentifierType,FR Core ValueSet Organization identifier type,"A coded type for an identifier that can be used to determine which identifier to use for a specific purpose (Organizations).","StructureDefinition/ror-organization","hl7.fhir.fr.core"
https://hl7.fr/ig/fhir/core/ValueSet/fr-core-vs-organization-type,2.2.0,active,,FRCoreValueSetOrganizationType,FR Core ValueSet Organization type,"Types de structures","StructureDefinition/ror-internal-organization,StructureDefinition/ror-core-organization-uf,StructureDefinition/ror-organization","hl7.fhir.fr.core"
https://hl7.fr/ig/fhir/core/ValueSet/fr-core-vs-practitioner-identifier-type,2.2.0,active,,FRCoreValueSetPractitionerIdentifierType,FR Core ValueSet Practitioner identifier type,"A coded type for an identifier that can be used to determine which identifier to use for a specific purpose (providers identification)","StructureDefinition/ror-practitioner","THO (V2),ans.fr.terminologies,hl7.fhir.fr.core"
https://hl7.fr/ig/fhir/core/ValueSet/fr-core-vs-practitioner-role-exercice,2.2.0,active,,FRCoreValueSetPractitionerRoleExercice,FR Core ValueSet PractitionerRole Exercice,"The exercice(s) of the practitioner.","StructureDefinition/ror-practitionerrole","ans.fr.terminologies"
https://hl7.fr/ig/fhir/core/ValueSet/fr-core-vs-practitioner-specialty,2.2.0,active,,FRCoreValueSetPractitionerSpecialty,FR Core ValueSet Practitioner specialty,"The modalities of exercice of the practitioner, registered by an official organization for a period of time.","StructureDefinition/ror-practitionerrole,StructureDefinition/ror-healthcareservice","ans.fr.terminologies"
https://interop.esante.gouv.fr/ig/fhir/annuaire/ValueSet/as-vs-organization-types,1.2.0-snapshot-2,draft,,AsVsOrganizationTypes,AS ValueSet OrganizationTypes,"ValueSet définissant les types d'organisation","StructureDefinition/ror-organization","ans.fhir.fr.annuaire"
https://interop.esante.gouv.fr/ig/fhir/annuaire/ValueSet/as-vs-type-etablissement,1.2.0-snapshot-2,draft,,AsVsTypeEtablissement,AS ValueSet type Etablissement,"ValueSet définissant les types d'établissement.","StructureDefinition/ror-organization","ans.fhir.fr.annuaire"
https://interop.esante.gouv.fr/ig/fhir/ror/ValueSet/act-type-ror-valueset,0.7.0,draft,,ActTypeRORValueSet,Valueset type d'acte,"Valueset type d'acte","StructureDefinition/ror-act-type,StructureDefinition/ror-healthcareservice","Internal"
https://interop.esante.gouv.fr/ig/fhir/ror/ValueSet/code-region-territorial-division-ror-valueset,0.7.0,draft,,CodeRegionTerritorialDivisionRORValueSet,Fusion des valuesets pour le code de la division territoriale,"ValueSet regroupant des valuesets du NOS pour le code de la division territoriale","StructureDefinition/ror-territorial-division,StructureDefinition/ror-healthcareservice,StructureDefinition/ror-organization",
https://interop.esante.gouv.fr/ig/fhir/ror/ValueSet/ror-include-associated-data-vs,0.7.0,draft,,RorIncludeAssociatedDataVS,Value Set afin d'étendre le Value Set pour query parameter includeAssociatedData,"Value Set pour étendre http://hl7.org/fhir/uv/bulkdata/ValueSet/include-associated-data et utiliser _[custom value] pour utiliser le query parameter includeAssociatedData",,"hl7.fhir.uv.bulkdata,Internal"
https://interop.esante.gouv.fr/ig/fhir/ror/ValueSet/ror-launch-context-vs,0.7.0,draft,,RORLaunchContextVS,Value Set pour le contexte standard du lancement d'un questionnaire dans le cadre du ROR,"Extension du Value Set https://hl7.org/fhir/uv/sdc/ValueSet-launchContext.html afin de l'adapter au contexte de lancement des questionnaires dans le cadre du ROR","StructureDefinition/ror-launchcontext","Internal,FHIR"
https://interop.esante.gouv.fr/ig/fhir/ror/ValueSet/ror-questionnaire-status-vs,0.7.0,draft,,RORQuestionnaireStatusVS,Statuts autorisés pour les Questionnaires ROR,"Restriction des statuts de publication FHIR aux valeurs applicables aux modèles de saisie ROR. La valeur 'unknown' est exclue.","StructureDefinition/ror-questionnaire-healthcareservice","hl7.fhir.r4.core"
https://interop.esante.gouv.fr/ig/fhir/ror/ValueSet/ror-usage-context-type-vs,0.7.0,draft,,RORUsageContextTypeVS,Value Set type pour le contexte d'usage du modèle de saisie,"Extension du Value Set http://hl7.org/fhir/ValueSet/usage-context-type pour fixer le type de contexte d'usage du modèle de saisie avec le code EG ou le S pour Spécialité ordinale ou P01 pour le type de profession","StructureDefinition/ror-questionnaire-healthcareservice","ans.fr.terminologies,Internal,THO"
https://mos.esante.gouv.fr/NOS/JDV_J101-SecteurActivite-RASS/FHIR/JDV-J101-SecteurActivite-RASS,20260223120000,active,"1.2.250.1.213.1.6.1.169",JDV_J101_SecteurActivite_RASS,,"Secteurs d'activité des établissements avec la même activité dans le RASS","StructureDefinition/ror-organization","ans.fr.terminologies"
https://mos.esante.gouv.fr/NOS/JDV_J105-EnsembleDiplome-RASS/FHIR/JDV-J105-EnsembleDiplome-RASS,20260223120000,active,"1.2.250.1.213.1.6.1.173",JDV_J105_EnsembleDiplome_RASS,,"Ensemble des diplômes et qualifications du RASS","StructureDefinition/ror-practitioner","ans.fr.terminologies"
https://mos.esante.gouv.fr/NOS/JDV_J106-EnsembleProfession-RASS/FHIR/JDV-J106-EnsembleProfession-RASS,20260330120000,active,"1.2.250.1.213.1.6.1.174",JDV_J106_EnsembleProfession_RASS,,"Ensemble des professions du RASS","StructureDefinition/ror-practitioner","ans.fr.terminologies"
https://mos.esante.gouv.fr/NOS/JDV_J107-EnsembleSavoirFaire-RASS/FHIR/JDV-J107-EnsembleSavoirFaire-RASS,20251222120000,active,"1.2.250.1.213.1.6.1.175",JDV_J107_EnsembleSavoirFaire_RASS,,"Ensemble des savoir-faire et compétences du RASS","StructureDefinition/ror-practitioner","ans.fr.terminologies"
https://mos.esante.gouv.fr/NOS/JDV_J108-EnsembleFonction-RASS/FHIR/JDV-J108-EnsembleFonction-RASS,20260505120000,active,"1.2.250.1.213.1.6.1.176",JDV_J108_EnsembleFonction_RASS,,"Ensemble des fonctions et rôles du RASS","StructureDefinition/ror-practitionerrole","ans.fr.terminologies"
https://mos.esante.gouv.fr/NOS/JDV_J124-Commune/FHIR/JDV-J124-Commune,20240628120000,active,"1.2.250.1.213.3.4.9",JDV_J124_Commune,,"Toute la nomenclature des codes actuels communes auquel on ajoute le code applicatif ""Non renseigné""","ValueSet/code-region-territorial-division-ror-valueset,StructureDefinition/ror-organization,StructureDefinition/ror-commune-cog","ans.fr.terminologies"
https://mos.esante.gouv.fr/NOS/JDV_J128-TypeCarte-RASS/FHIR/JDV-J128-TypeCarte-RASS,20201127120000,active,"1.2.250.1.213.1.6.1.214",JDV_J128_TypeCarte_RASS,,"Type de carte dans le RASS","StructureDefinition/ror-practitioner","ans.fr.terminologies"
https://mos.esante.gouv.fr/NOS/JDV_J129-CategorieEtablissement-RASS/FHIR/JDV-J129-CategorieEtablissement-RASS,20260223120000,retired,"1.2.250.1.213.1.6.1.215",JDV_J129_CategorieEtablissement_RASS,,"Catégorie d'établissement du RASS","StructureDefinition/ror-organization","ans.fr.terminologies"
https://mos.esante.gouv.fr/NOS/JDV_J139-TypeBAL-RASS/FHIR/JDV-J139-TypeBAL-RASS,20231124120000,active,"1.2.250.1.213.1.6.1.225",JDV_J139_TypeBAL_RASS,,"Type de boîte aux lettres dans le RASS","StructureDefinition/ror-internal-organization,StructureDefinition/ror-practitionerrole,StructureDefinition/ror-core-organization-uf,StructureDefinition/ror-healthcareservice,StructureDefinition/ror-practitioner,StructureDefinition/ror-organization","ans.fr.terminologies"
https://mos.esante.gouv.fr/NOS/JDV_J16-ActeSpecifique-ROR/FHIR/JDV-J16-ActeSpecifique-ROR,20260601120000,active,"1.2.250.1.213.3.4.4",JDV_J16_ActeSpecifique_ROR,,"Acte spécifique - ROR","StructureDefinition/ror-healthcareservice","ans.fr.terminologies"
https://mos.esante.gouv.fr/NOS/JDV_J17-ActiviteOperationnelle-ROR/FHIR/JDV-J17-ActiviteOperationnelle-ROR,20260601120000,active,"1.2.250.1.213.3.4.5",JDV_J17_ActiviteOperationnelle_ROR,,"Activité Operationnelle - ROR","StructureDefinition/ror-healthcareservice","ans.fr.terminologies"
https://mos.esante.gouv.fr/NOS/JDV_J18-EquipementSpecifique-ROR/FHIR/JDV-J18-EquipementSpecifique-ROR,20260601120000,active,"1.2.250.1.213.3.4.6",JDV_J18_EquipementSpecifique_ROR,,"Equipement spécifique - ROR","StructureDefinition/ror-location-equipment","ans.fr.terminologies"
https://mos.esante.gouv.fr/NOS/JDV_J185-TypeFermeture-ROR/FHIR/JDV-J185-TypeFermeture-ROR,20250923120000,active,"1.2.250.1.213.3.4.18",JDV_J185_TypeFermeture_ROR,,"Les seules valeurs acceptées par le ROR pour les Organisations internes et les offres","StructureDefinition/ror-healthcareservice","ans.fr.terminologies"
https://mos.esante.gouv.fr/NOS/JDV_J186-ProfessionRessource-ROR/FHIR/JDV-J186-ProfessionRessource-ROR,20250710120000,active,"1.2.250.1.213.3.4.19",JDV_J186_ProfessionRessource_ROR,,"Profession Ressource des offres dans le ROR","StructureDefinition/ror-healthcareservice","ans.fr.terminologies"
https://mos.esante.gouv.fr/NOS/JDV_J187-NatureCapacite-ROR/FHIR/JDV-J187-NatureCapacite-ROR,20220527120000,active,"1.2.250.1.213.3.4.20",JDV_J187_NatureCapacite_ROR,,"Permet d'indiquer dans le ROR si la capacité est exprimée en lits ou en places","StructureDefinition/ror-location-supported-capacity","ans.fr.terminologies"
https://mos.esante.gouv.fr/NOS/JDV_J188-TypeStatutCapacite-ROR/FHIR/JDV-J188-TypeStatutCapacite-ROR,20250131120000,active,"1.2.250.1.213.3.4.21",JDV_J188_TypeStatutCapacite_ROR,,"Permet de préciser dans le ROR le statut des lits décrits","StructureDefinition/ror-location-supported-capacity","ans.fr.terminologies"
https://mos.esante.gouv.fr/NOS/JDV_J189-TemporaliteCapacite-ROR/FHIR/JDV-J189-TemporaliteCapacite-ROR,20230922120000,active,"1.2.250.1.213.3.4.22",JDV_J189_TemporaliteCapacite_ROR,,"Sert à indiquer le moment où une capacité sera effective. Il est ainsi possible de décrire la situation immédiate ou de fournir une information prospective de capacités, prenant notamment en compte les entrées et sorties déjà identifiés de patients","StructureDefinition/ror-location-supported-capacity","ans.fr.terminologies"
https://mos.esante.gouv.fr/NOS/JDV_J19-ModePriseEnCharge-ROR/FHIR/JDV-J19-ModePriseEnCharge-ROR,20260330120000,active,"1.2.250.1.213.3.4.1",JDV_J19_ModePriseEnCharge_ROR,,"Mode de la prise en charge - ROR","StructureDefinition/ror-healthcareservice","ans.fr.terminologies"
https://mos.esante.gouv.fr/NOS/JDV_J190-GenreCapacite-ROR/FHIR/JDV-J190-GenreCapacite-ROR,20250828120000,active,"1.2.250.1.213.3.4.23",JDV_J190_GenreCapacite_ROR,,"Permet d'indiquer dans le ROR le genre des patients qui peuvent être installés dans des lits disponibles","StructureDefinition/ror-location-supported-capacity","ans.fr.terminologies"
https://mos.esante.gouv.fr/NOS/JDV_J191-TypeFermetureCapacite-ROR/FHIR/JDV-J191-TypeFermetureCapacite-ROR,20220527120000,active,"1.2.250.1.213.3.4.24",JDV_J191_TypeFermetureCapacite_ROR,,"Permet d'indiquer dans le ROR le statut de lits fermés, afin d'identifier le nombre de lits fermés qui peuvent être réactivés en cas de besoin et le nombre de ceux qui ne peuvent pas l'être","StructureDefinition/ror-location-supported-capacity","ans.fr.terminologies"
https://mos.esante.gouv.fr/NOS/JDV_J192-TypeLitSupplementaire-ROR/FHIR/JDV-J192-TypeLitSupplementaire-ROR,20220527120000,active,"1.2.250.1.213.3.4.25",JDV_J192_TypeLitSupplementaire_ROR,,"Permet d'indiquer dans le ROR le statut de lits supplémentaires, pour identifier le nombre de lits supplémentaires déjà mobilisés et, par typologie de mobilisation possible, le nombre de lits qui ne le sont pas encore","StructureDefinition/ror-location-supported-capacity","ans.fr.terminologies"
https://mos.esante.gouv.fr/NOS/JDV_J193-TypeSourceCapacite-ROR/FHIR/JDV-J193-TypeSourceCapacite-ROR,20220527120000,active,"1.2.250.1.213.3.4.26",JDV_J193_TypeSourceCapacite_ROR,,"Permet d'indiquer dans le ROR quel type de source est à l'origine de l'information de capacité","StructureDefinition/ror-location-supported-capacity","ans.fr.terminologies"
https://mos.esante.gouv.fr/NOS/JDV_J194-TypeCrise-ROR/FHIR/JDV-J194-TypeCrise-ROR,20220527120000,active,"1.2.250.1.213.3.4.27",JDV_J194_TypeCrise_ROR,,"Permet d'indiquer dans le ROR le type de crise qui permet de mobiliser le nombre de lits supplémentaires décrits","StructureDefinition/ror-location-supported-capacity","ans.fr.terminologies"
https://mos.esante.gouv.fr/NOS/JDV_J195-AffectationTemporaire-ROR/FHIR/JDV-J195-AffectationTemporaire-ROR,20220527120000,active,"1.2.250.1.213.3.4.28",JDV_J195_AffectationTemporaire_ROR,,"Permet d'indiquer dans le ROR la réservation de tout ou partie des lits d'une zone d'hébergement pour des patients selon qu'ils soient -ou non- concernés par une pathologie (Covid+, Covid-, …) ou un évènement (catastrophe naturelle, attentat, …)","StructureDefinition/ror-location-supported-capacity","ans.fr.terminologies"
https://mos.esante.gouv.fr/NOS/JDV_J198-FonctionLieu-ROR/FHIR/JDV-J198-FonctionLieu-ROR,20260601120000,active,"1.2.250.1.213.3.4.30",JDV_J198_FonctionLieu_ROR,,"Destination d'usage du lieu pour le lieu de réalisation de l'offre.","StructureDefinition/ror-location,StructureDefinition/ror-questionnaire-healthcareservice","ans.fr.terminologies"
https://mos.esante.gouv.fr/NOS/JDV_J199-StatutJuridique-ROR/FHIR/JDV-J199-StatutJuridique-ROR,20220826120000,active,"1.2.250.1.213.3.4.31",JDV_J199_StatutJuridique_ROR,,"Statuts juridiques provenant de FINESS et RPPS","StructureDefinition/ror-organization","ans.fr.terminologies"
https://mos.esante.gouv.fr/NOS/JDV_J20-ChampActivite-ROR/FHIR/JDV-J20-ChampActivite-ROR,20260330120000,active,"1.2.250.1.213.3.4.7",JDV_J20_ChampActivite_ROR,,"Champ d'activité - ROR","StructureDefinition/ror-questionnaire-healthcareservice,StructureDefinition/ror-healthcareservice","ans.fr.terminologies"
https://mos.esante.gouv.fr/NOS/JDV_J201-TypeFermeture-ROR/FHIR/JDV-J201-TypeFermeture-ROR,20250923120000,active,"1.2.250.1.213.3.4.33",JDV_J201_TypeFermeture_ROR,,"Différentes valeurs de type de fermeture que peuvent envoyer FINESS au ROR (il en existe davantage)","StructureDefinition/ror-organization-closing-type","ans.fr.terminologies"
https://mos.esante.gouv.fr/NOS/JDV_J202-ESPIC-ROR/FHIR/JDV-J202-ESPIC-ROR,20220826120000,active,"1.2.250.1.213.3.4.34",JDV_J202_ESPIC_ROR,,"Etablissement de santé privé d'intérêt collectif","StructureDefinition/ror-organization","ans.fr.terminologies"
https://mos.esante.gouv.fr/NOS/JDV_J203-TypeOrganisationInterne-ROR/FHIR/JDV-J203-TypeOrganisationInterne-ROR,20230922120000,active,"1.2.250.1.213.3.4.35",JDV_J203_TypeOrganisationInterne_ROR,,"Type Organisation interne ou d’organization (FHIR)","StructureDefinition/ror-internal-organization,StructureDefinition/ror-core-organization-uf","ans.fr.terminologies"
https://mos.esante.gouv.fr/NOS/JDV_J204-NiveauRecoursORSAN-ROR/FHIR/JDV-J204-NiveauRecoursORSAN-ROR,20220826120000,active,"1.2.250.1.213.3.4.36",JDV_J204_NiveauRecoursORSAN_ROR,,"Hiérarchisation fonctionnelle des Éts pour accueil patients après le SAMU","StructureDefinition/ror-organization-level-recours-orsan","ans.fr.terminologies"
https://mos.esante.gouv.fr/NOS/JDV_J205-UnitePrix-ROR/FHIR/JDV-J205-UnitePrix-ROR,20220826120000,active,"1.2.250.1.213.3.4.37",JDV_J205_UnitePrix_ROR,,"Unité de prix","StructureDefinition/ror-organization-price","ans.fr.terminologies"
https://mos.esante.gouv.fr/NOS/JDV_J206-PrestationNonObligatoireIncluse-ROR/FHIR/JDV-J206-PrestationNonObligatoireIncluse-ROR,20220826120000,active,"1.2.250.1.213.3.4.38",JDV_J206_PrestationNonObligatoireIncluse_ROR,,"Prestations non obligatoire incluses","StructureDefinition/ror-organization-price","ans.fr.terminologies"
https://mos.esante.gouv.fr/NOS/JDV_J207-Civilite-ROR/FHIR/JDV-J207-Civilite-ROR,20220826120000,active,"1.2.250.1.213.3.4.39",JDV_J207_Civilite_ROR,,"Civilité","StructureDefinition/ror-person","ans.fr.terminologies"
https://mos.esante.gouv.fr/NOS/JDV_J208-CiviliteExercice-ROR/FHIR/JDV-J208-CiviliteExercice-ROR,20220826120000,active,"1.2.250.1.213.3.4.40",JDV_J208_CiviliteExercice_ROR,,"Civilité d'exercice","StructureDefinition/ror-practitioner","ans.fr.terminologies"
https://mos.esante.gouv.fr/NOS/JDV_J210-SpecialiteOrdinale-ROR/FHIR/JDV-J210-SpecialiteOrdinale-ROR,20260330120000,active,"1.2.250.1.213.3.4.42",JDV_J210_SpecialiteOrdinale_ROR,,"Spécialité ordinale","StructureDefinition/ror-questionnaire-healthcareservice,StructureDefinition/ror-practitioner","ans.fr.terminologies"
https://mos.esante.gouv.fr/NOS/JDV_J211-CompetenceExclusive-ROR/FHIR/JDV-J211-CompetenceExclusive-ROR,20220826120000,active,"1.2.250.1.213.3.4.43",JDV_J211_CompetenceExclusive_ROR,,"Compétence exclusive","StructureDefinition/ror-practitioner","ans.fr.terminologies"
https://mos.esante.gouv.fr/NOS/JDV_J212-OrientationParticuliere-ROR/FHIR/JDV-J212-OrientationParticuliere-ROR,20220826120000,active,"1.2.250.1.213.3.4.44",JDV_J212_OrientationParticuliere_ROR,,"Orientation particulière","StructureDefinition/ror-practitioner","ans.fr.terminologies"
https://mos.esante.gouv.fr/NOS/JDV_J213-CapaciteSavoirFaire-ROR/FHIR/JDV-J213-CapaciteSavoirFaire-ROR,20220826120000,active,"1.2.250.1.213.3.4.45",JDV_J213_CapaciteSavoirFaire_ROR,,"Capacité (savoir-faire)","StructureDefinition/ror-practitioner","ans.fr.terminologies"
https://mos.esante.gouv.fr/NOS/JDV_J214-QualificationPAC-ROR/FHIR/JDV-J214-QualificationPAC-ROR,20220826120000,active,"1.2.250.1.213.3.4.46",JDV_J214_QualificationPAC_ROR,,"Qualification de praticien adjoint contractuel","StructureDefinition/ror-practitioner","ans.fr.terminologies"
https://mos.esante.gouv.fr/NOS/JDV_J215-DESCnonQualifiant-ROR/FHIR/JDV-J215-DESCnonQualifiant-ROR,20220826120000,active,"1.2.250.1.213.3.4.47",JDV_J215_DESCnonQualifiant_ROR,,"DESC non qualifiant","StructureDefinition/ror-practitioner","ans.fr.terminologies"
https://mos.esante.gouv.fr/NOS/JDV_J216-DroitExerciceCompl-ROR/FHIR/JDV-J216-DroitExerciceCompl-ROR,20220826120000,active,"1.2.250.1.213.3.4.48",JDV_J216_DroitExerciceCompl_ROR,,"Droit d'exercice complémentaire","StructureDefinition/ror-practitioner","ans.fr.terminologies"
https://mos.esante.gouv.fr/NOS/JDV_J217-ModeExercice-ROR/FHIR/JDV-J217-ModeExercice-ROR,20260202120000,active,"1.2.250.1.213.3.4.49",JDV_J217_ModeExercice_ROR,,"Mode d'exercice","StructureDefinition/ror-practitionerrole-unit-exercise-mode","ans.fr.terminologies"
https://mos.esante.gouv.fr/NOS/JDV_J218-CNAMAmeliSecteurConventionnement-ROR/FHIR/JDV-J218-CNAMAmeliSecteurConventionnement-ROR,20220826120000,active,"1.2.250.1.213.3.4.50",JDV_J218_CNAMAmeliSecteurConventionnement_ROR,,"Secteur de conventionnement du professionnel libéral par la CNAM extracts ameli","StructureDefinition/ror-practitionerrole","ans.fr.terminologies"
https://mos.esante.gouv.fr/NOS/JDV_J219-TypeVoie-ROR/FHIR/JDV-J219-TypeVoie-ROR,20220826120000,active,"1.2.250.1.213.3.4.51",JDV_J219_TypeVoie_ROR,,"Type de voie","StructureDefinition/ror-location,StructureDefinition/ror-organization","ans.fr.terminologies"
https://mos.esante.gouv.fr/NOS/JDV_J220-FonctionContact-ROR/FHIR/JDV-J220-FonctionContact-ROR,20250131120000,active,"1.2.250.1.213.3.4.52",JDV_J220_FonctionContact_ROR,,"Un titre, une position, une fonction de la personne contact dans l'organisation","StructureDefinition/ror-contact-function-contact","ans.fr.terminologies"
https://mos.esante.gouv.fr/NOS/JDV_J221-NatureContact-ROR/FHIR/JDV-J221-NatureContact-ROR,20241213120000,active,"1.2.250.1.213.3.4.53",JDV_J221_NatureContact_ROR,,"Un service ou un guichet assurant le contact au sein de l'organisation","StructureDefinition/ror-healthcareservice,StructureDefinition/ror-organization,StructureDefinition/ror-healthcareservice-contact","ans.fr.terminologies"
https://mos.esante.gouv.fr/NOS/JDV_J222-NiveauConfidentialite-ROR/FHIR/JDV-J222-NiveauConfidentialite-ROR,20260505120000,active,"1.2.250.1.213.3.4.54",JDV_J222_NiveauConfidentialite_ROR,,"Niveau de restriction d'accès","StructureDefinition/ror-telecom-confidentiality-level,StructureDefinition/ror-contact-telecom-confidentiality-level,StructureDefinition/ror-confidentiality-level,StructureDefinition/ror-contact-confidentiality-level","ans.fr.terminologies"
https://mos.esante.gouv.fr/NOS/JDV_J223-TypeDivisionTerritoriale-ROR/FHIR/JDV-J223-TypeDivisionTerritoriale-ROR,20220826120000,active,"1.2.250.1.213.3.4.55",JDV_J223_TypeDivisionTerritoriale_ROR,,"Type de division territoriale","StructureDefinition/ror-territorial-division,StructureDefinition/ror-healthcareservice,Questionnaire/ror-questionnaire-offre-mco,StructureDefinition/ror-organization","ans.fr.terminologies"
https://mos.esante.gouv.fr/NOS/JDV_J224-StatutLieu-ROR/FHIR/JDV-J224-StatutLieu-ROR,20220826120000,active,"1.2.250.1.213.3.4.56",JDV_J224_StatutLieu_ROR,,"Statut lieu","StructureDefinition/ror-location","ans.fr.terminologies"
https://mos.esante.gouv.fr/NOS/JDV_J225-CanalCommunication-ROR/FHIR/JDV-J225-CanalCommunication-ROR,20260601120000,active,"1.2.250.1.213.3.4.57",JDV_J225_CanalCommunication_ROR,,"Canal de communication","StructureDefinition/ror-telecom-communication-channel,Questionnaire/ror-questionnaire-offre-mco","ans.fr.terminologies"
https://mos.esante.gouv.fr/NOS/JDV_J226-ModaliteAccueil-ROR/FHIR/JDV-J226-ModaliteAccueil-ROR,20260330120000,active,"1.2.250.1.213.3.4.58",JDV_J226_ModaliteAccueil_ROR,,"Modalité d'accueil","StructureDefinition/ror-healthcareservice","ans.fr.terminologies"
https://mos.esante.gouv.fr/NOS/JDV_J227-NiveauExpertise-ROR/FHIR/JDV-J227-NiveauExpertise-ROR,20251222120000,active,"1.2.250.1.213.3.4.59",JDV_J227_NiveauExpertise_ROR,,"Niveau de ressources humaines et matérielles utiles pour la réalisation de l'offre","StructureDefinition/ror-healthcareservice","ans.fr.terminologies"
https://mos.esante.gouv.fr/NOS/JDV_J228-TypeCaracteristiqueEquipement-ROR/FHIR/JDV-J228-TypeCaracteristiqueEquipement-ROR,20220826120000,active,"1.2.250.1.213.3.4.60",JDV_J228_TypeCaracteristiqueEquipement_ROR,,"Type de caractéristique équipement","StructureDefinition/ror-location-equipment-limit","ans.fr.terminologies"
https://mos.esante.gouv.fr/NOS/JDV_J229-ProfessionSante-ROR/FHIR/JDV-J229-ProfessionSante-ROR,20260330120000,active,"1.2.250.1.213.3.4.61",JDV_J229_ProfessionSante_ROR,,"Type de caractéristique équipement","StructureDefinition/ror-questionnaire-healthcareservice,StructureDefinition/ror-practitioner","ans.fr.terminologies"
https://mos.esante.gouv.fr/NOS/JDV_J232-Competence-ROR/FHIR/JDV-J232-Competence-ROR,20240628120000,active,"1.2.250.1.213.3.4.63",JDV_J232_Competence_ROR,,"Compétence","StructureDefinition/ror-practitioner","ans.fr.terminologies"
https://mos.esante.gouv.fr/NOS/JDV_J237-RegionOM-ROR/FHIR/JDV-J237-RegionOM-ROR,20240126120000,retired,"1.2.250.1.213.3.4.64",JDV_J237_RegionOM_ROR,,"Région Outre-Mer et Monaco","ValueSet/code-region-territorial-division-ror-valueset,StructureDefinition/ror-internal-organization,StructureDefinition/ror-location,StructureDefinition/ror-practitionerrole,StructureDefinition/ror-core-organization-uf,StructureDefinition/ror-healthcareservice,StructureDefinition/ror-practitioner,Questionnaire/ror-questionnaire-offre-mco,StructureDefinition/ror-organization,StructureDefinition/ror-person","ans.fr.terminologies"
https://mos.esante.gouv.fr/NOS/JDV_J238-TypeOffre-ROR/FHIR/JDV-J238-TypeOffre-ROR,20260505120000,active,"1.2.250.1.213.3.4.65",JDV_J238_TypeOffre_ROR,,"Prestations que peut réaliser une structure et qui permettent de répondre au besoin de santé d'une personne","StructureDefinition/ror-healthcareservice","ans.fr.terminologies"
https://mos.esante.gouv.fr/NOS/JDV_J241-ThematiqueAnomalie-ROR/FHIR/JDV-J241-ThematiqueAnomalie-ROR,20240126120000,active,"1.2.250.1.213.3.4.106",JDV_J241_ThematiqueAnomalie_ROR,,"Thématique caractérisant une anomalie de donnée ROR","StructureDefinition/ror-task","ans.fr.terminologies"
https://mos.esante.gouv.fr/NOS/JDV_J242-ActionAnomalie-ROR/FHIR/JDV-J242-ActionAnomalie-ROR,20230331120000,active,"1.2.250.1.213.3.4.107",JDV_J242_ActionAnomalie_ROR,,"Action attendue dans le cadre de la gestion d'une anomalie de donnée dans le ROR","StructureDefinition/ror-task","ans.fr.terminologies"
https://mos.esante.gouv.fr/NOS/JDV_J244-StatutMetierAnomalie-ROR/FHIR/JDV-J244-StatutMetierAnomalie-ROR,20230922120000,active,"1.2.250.1.213.3.4.109",JDV_J244_StatutMetierAnomalie_ROR,,"Statut métier des anomalies","StructureDefinition/ror-task","ans.fr.terminologies"
https://mos.esante.gouv.fr/NOS/JDV_J245-Civilite-CISIS/FHIR/JDV-J245-Civilite-CISIS,20230331120000,active,"1.2.250.1.213.1.1.5.718",JDV_J245_Civilite_CISIS,,"Civilités CI-SIS","StructureDefinition/ror-practitioner","ans.fr.terminologies"
https://mos.esante.gouv.fr/NOS/JDV_J247-Pays-ROR/FHIR/JDV-J247-Pays-ROR,20240126120000,retired,"1.2.250.1.213.3.4.111",JDV_J247_Pays_ROR,,"Référentiel des codes pays provenant du COG INSEE - ROR","ValueSet/code-region-territorial-division-ror-valueset","ans.fr.terminologies"
https://mos.esante.gouv.fr/NOS/JDV_J248-DepartementOM-ROR/FHIR/JDV-J248-DepartementOM-ROR,20240126120000,retired,"1.2.250.1.213.3.4.112",JDV_J248_DepartementOM_ROR,,"Département (outre-mer et Monaco inclus) - ROR","ValueSet/code-region-territorial-division-ror-valueset","ans.fr.terminologies"
https://mos.esante.gouv.fr/NOS/JDV_J249-TerritoireSante-ROR/FHIR/JDV-J249-TerritoireSante-ROR,20230331120000,active,"1.2.250.1.213.3.4.113",JDV_J249_TerritoireSante_ROR,,"Territoire de Santé (au sens ARS) en France - ROR","ValueSet/code-region-territorial-division-ror-valueset","ans.fr.terminologies"
https://mos.esante.gouv.fr/NOS/JDV_J256-Pays/FHIR/JDV-J256-Pays,20250328120000,active,"1.2.250.1.213.1.1.5.762",JDV_J256_Pays,,"Tous les codes actifs de la nomenclature du COG INSEE pays auquel on ajoute le code applicatif ""non renseigné""","StructureDefinition/ror-organization","ans.fr.terminologies"
https://mos.esante.gouv.fr/NOS/JDV_J258-Departement/FHIR/JDV-J258-Departement,20240628120000,active,"1.2.250.1.213.1.1.5.764",JDV_J258_Departement,,"Tous les codes actifs des départements et collectivités d'outre-mer actives + Monaco du COG INSEE","StructureDefinition/ror-organization","ans.fr.terminologies"
https://mos.esante.gouv.fr/NOS/JDV_J26-ModeGestion-ROR/FHIR/JDV-J26-ModeGestion-ROR,20200424120000,active,"1.2.250.1.213.3.3.24",JDV_J26_ModeGestion_ROR,,"Mode gestion - ROR","StructureDefinition/ror-organization-price,StructureDefinition/ror-healthcareservice,Questionnaire/ror-questionnaire-offre-mco","ans.fr.terminologies"
https://mos.esante.gouv.fr/NOS/JDV_J27-GroupeTarifaireDependance-ROR/FHIR/JDV-J27-GroupeTarifaireDependance-ROR,20240126120000,active,"1.2.250.1.213.3.3.26",JDV_J27_GroupeTarifaireDependance_ROR,,"Niveau de dépendance associé à un tarif d'un ESMS - ROR","StructureDefinition/ror-organization-price","ans.fr.terminologies"
https://mos.esante.gouv.fr/NOS/JDV_J28-OuvertureAnnuelle-ROR/FHIR/JDV-J28-OuvertureAnnuelle-ROR,20200424120000,active,"1.2.250.1.213.3.3.28",JDV_J28_OuvertureAnnuelle_ROR,,"Ouverture annuelle - ROR","StructureDefinition/ror-healthcareservice","ans.fr.terminologies"
https://mos.esante.gouv.fr/NOS/JDV_J29-PublicPrisEnCharge-ROR/FHIR/JDV-J29-PublicPrisEnCharge-ROR,20260330120000,active,"1.2.250.1.213.3.3.30",JDV_J29_PublicPrisEnCharge_ROR,,"Public pris en charge - ROR","Questionnaire/ror-questionnaire-offre-mco,StructureDefinition/ror-healthcareservice-patient-type","ans.fr.terminologies"
https://mos.esante.gouv.fr/NOS/JDV_J30-TemporaliteAccueil-ROR/FHIR/JDV-J30-TemporaliteAccueil-ROR,20200424120000,active,"1.2.250.1.213.3.3.32",JDV_J30_TemporaliteAccueil_ROR,,"Temporalité accueil - ROR","StructureDefinition/ror-organization-price,StructureDefinition/ror-healthcareservice","ans.fr.terminologies"
https://mos.esante.gouv.fr/NOS/JDV_J31-AideFinanciere-ROR/FHIR/JDV-J31-AideFinanciere-ROR,20200424120000,active,"1.2.250.1.213.3.3.34",JDV_J31_AideFinanciere_ROR,,"Jeu de valeur de la nomenclature des aides financières - ROR","StructureDefinition/ror-organization-financial-help-type","ans.fr.terminologies"
https://mos.esante.gouv.fr/NOS/JDV_J32-TypeHabitation-ROR/FHIR/JDV-J32-TypeHabitation-ROR,20200424120000,active,"1.2.250.1.213.3.3.36",JDV_J32_TypeHabitation_ROR,,"Type habitation - ROR","StructureDefinition/ror-organization-price,StructureDefinition/ror-location-residential-capacity","ans.fr.terminologies"
https://mos.esante.gouv.fr/NOS/JDV_J33-CompetenceSpecifique-ROR/FHIR/JDV-J33-CompetenceSpecifique-ROR,20260330120000,active,"1.2.250.1.213.3.3.38",JDV_J33_CompetenceSpecifique_ROR,,"Compétence spécifique - ROR","StructureDefinition/ror-practitionerrole,StructureDefinition/ror-healthcareservice","ans.fr.terminologies"
https://mos.esante.gouv.fr/NOS/JDV_J35-SpecialisationDePriseEnCharge-ROR/FHIR/JDV-J35-SpecialisationDePriseEnCharge-ROR,20260330120000,active,"1.2.250.1.213.3.3.42",JDV_J35_SpecialisationDePriseEnCharge_ROR,,"Spécialisation de prise en charge - ROR","StructureDefinition/ror-healthcareservice","ans.fr.terminologies"
https://mos.esante.gouv.fr/NOS/JDV_J36-TypeTarif-ROR/FHIR/JDV-J36-TypeTarif-ROR,20230630120000,active,"1.2.250.1.213.3.3.44",JDV_J36_TypeTarif_ROR,,"Type tarif - ROR","StructureDefinition/ror-organization-price","ans.fr.terminologies"
https://mos.esante.gouv.fr/NOS/JDV_J37-UcumUniteTemps/FHIR/JDV-J37-UcumUniteTemps,20240927120000,active,"1.2.250.1.213.3.3.45",JDV_J37_UcumUniteTemps,,"UCUM - Unité de temps","Questionnaire/ror-questionnaire-offre-mco,StructureDefinition/ror-healthcareservice-patient-type","UCUM"
https://mos.esante.gouv.fr/NOS/JDV_J39-ConditionTarifaire-ROR/FHIR/JDV-J39-ConditionTarifaire-ROR,20200424120000,active,"1.2.250.1.213.3.3.47",JDV_J39_ConditionTarifaire_ROR,,"Conditions d'accès à un tarif modulé","StructureDefinition/ror-organization-price","ans.fr.terminologies"
https://mos.esante.gouv.fr/NOS/JDV_J41-TypeHoraire-ROR/FHIR/JDV-J41-TypeHoraire-ROR,20241025120000,active,"1.2.250.1.213.3.3.51",JDV_J41_TypeHoraire_ROR,,"Type horaire","StructureDefinition/ror-available-time-type-of-time","ans.fr.terminologies"
https://mos.esante.gouv.fr/NOS/JDV_J50-AccessibiliteLieu-ROR/FHIR/JDV-J50-AccessibiliteLieu-ROR,20220826120000,active,"1.2.250.1.213.3.3.58",JDV_J50_AccessibiliteLieu_ROR,,"Niveaux d'accessibilité d'un établissement recevant du public (ERP) - ROR","StructureDefinition/ror-organization-accessibility-location","ans.fr.terminologies"
https://mos.esante.gouv.fr/NOS/JDV_J51-FamilleActiviteOperationnelle-ROR/FHIR/JDV-J51-FamilleActiviteOperationnelle-ROR,20230127120000,active,"1.2.250.1.213.3.3.62",JDV_J51_FamilleActiviteOperationnelle_ROR,,"Famille Activité Opérationnelle","StructureDefinition/ror-healthcareservice","ans.fr.terminologies,Other"
https://mos.esante.gouv.fr/NOS/JDV_J55-CategorieEG-ROR/FHIR/JDV-J55-CategorieEG-ROR,20260505120000,active,"1.2.250.1.213.3.3.65",JDV_J55_CategorieEG_ROR,,"Catégories d'établissements FINESS ou hors FINESS et secteurs d'activité des cabinets","StructureDefinition/ror-questionnaire-healthcareservice,StructureDefinition/ror-organization","ans.fr.terminologies"
https://mos.esante.gouv.fr/NOS/JDV_J73-MetierPharmacien-RASS/FHIR/JDV-J73-MetierPharmacien-RASS,20210528120000,active,"1.2.250.1.213.1.6.1.141",JDV_J73_MetierPharmacien_RASS,,"Ensemble des sections et sous-sections du tableau du CNOP dans le RASS","StructureDefinition/ror-practitionerrole","ans.fr.terminologies"
https://mos.esante.gouv.fr/NOS/JDV_J75-TypeAutorisation-RASS/FHIR/JDV-J75-TypeAutorisation-RASS,20250523120000,active,"1.2.250.1.213.1.6.1.143",JDV_J75_TypeAutorisation_RASS,,"Type d'autorisation d'exercice pour accès à l'exercice de la profession du RASS","StructureDefinition/ror-practitioner","ans.fr.terminologies"
https://mos.esante.gouv.fr/NOS/JDV_J76-DisciplineAutorisation-RASS/FHIR/JDV-J76-DisciplineAutorisation-RASS,20200424120000,active,"1.2.250.1.213.1.6.1.144",JDV_J76_DisciplineAutorisation_RASS,,"Discipline à laquelle l'autorisation d'exercice est restreinte dans le RASS","StructureDefinition/ror-practitioner","ans.fr.terminologies"
https://mos.esante.gouv.fr/NOS/JDV_J81-TypeDiplome-RASS/FHIR/JDV-J81-TypeDiplome-RASS,20230526120000,active,"1.2.250.1.213.1.6.1.149",JDV_J81_TypeDiplome_RASS,,"Types de diplôme du RASS","StructureDefinition/ror-practitioner","ans.fr.terminologies"
https://mos.esante.gouv.fr/NOS/JDV_J82-Langue-RASS/FHIR/JDV-J82-Langue-RASS,20240927120000,active,"1.2.250.1.213.1.6.1.150",JDV_J82_Langue_RASS,,"Langues (codes ISO-639) des professionnels du RASS","StructureDefinition/ror-practitioner","ans.fr.terminologies"
https://mos.esante.gouv.fr/NOS/JDV_J83-AutoriteEnregistrement-RASS/FHIR/JDV-J83-AutoriteEnregistrement-RASS,20240628120000,active,"1.2.250.1.213.1.6.1.151",JDV_J83_AutoriteEnregistrement_RASS,,"Autorités d'enregistrement des acteurs de santé du RASS","StructureDefinition/ror-practitioner","ans.fr.terminologies"
https://mos.esante.gouv.fr/NOS/JDV_J84-DepartementOM-RASS/FHIR/JDV-J84-DepartementOM-RASS,20240126120000,retired,"1.2.250.1.213.1.6.1.152",JDV_J84_DepartementOM_RASS,,"Départements (outre-mer et Monaco inclus) pour le RASS","StructureDefinition/ror-practitioner","ans.fr.terminologies"
https://mos.esante.gouv.fr/NOS/JDV_J85-StatutInscription-RASS/FHIR/JDV-J85-StatutInscription-RASS,20200424120000,active,"1.2.250.1.213.1.6.1.153",JDV_J85_StatutInscription_RASS,,"Statut avancement dossier de référencement personne du RASS auprès d'un ordre","StructureDefinition/ror-practitioner","ans.fr.terminologies"
https://mos.esante.gouv.fr/NOS/JDV_J86-NatCycleForm-RASS/FHIR/JDV-J86-NatCycleForm-RASS,20200424120000,active,"1.2.250.1.213.1.6.1.154",JDV_J86_NatCycleForm_RASS,,"Natures du cycle de formation des professionnels du RASS","StructureDefinition/ror-practitioner","ans.fr.terminologies"
https://mos.esante.gouv.fr/NOS/JDV_J87-NiveauFormAcquis-RASS/FHIR/JDV-J87-NiveauFormAcquis-RASS,20200424120000,active,"1.2.250.1.213.1.6.1.155",JDV_J87_NiveauFormAcquis_RASS,,"Niveau de formation acquis dans le cycle de formation des professionnels du RASS","StructureDefinition/ror-practitioner","ans.fr.terminologies"
https://mos.esante.gouv.fr/NOS/JDV_J88-AnneeUniversitaire-RASS/FHIR/JDV-J88-AnneeUniversitaire-RASS,20251016120000,active,"1.2.250.1.213.1.6.1.156",JDV_J88_AnneeUniversitaire_RASS,,"Années universitaires des professionnels du RASS","StructureDefinition/ror-practitioner","ans.fr.terminologies"
https://mos.esante.gouv.fr/NOS/JDV_J89-CategorieProfessionnelle-RASS/FHIR/JDV-J89-CategorieProfessionnelle-RASS,20260223120000,active,"1.2.250.1.213.1.6.1.157",JDV_J89_CategorieProfessionnelle_RASS,,"Catégories professionnelles dans le RASS","StructureDefinition/ror-practitioner","ans.fr.terminologies"
https://mos.esante.gouv.fr/NOS/JDV_J91-TypeSavoirFaire-RASS/FHIR/JDV-J91-TypeSavoirFaire-RASS,20251016120000,active,"1.2.250.1.213.1.6.1.159",JDV_J91_TypeSavoirFaire_RASS,,"Types de savoir-faire des professionnels du RASS","StructureDefinition/ror-practitioner","ans.fr.terminologies"
https://mos.esante.gouv.fr/NOS/JDV_J94-GenreActivite-RASS/FHIR/JDV-J94-GenreActivite-RASS,20240329120000,active,"1.2.250.1.213.1.6.1.162",JDV_J94_GenreActivite_RASS,,"Activités des professionnels RASS nécessitant des règles de gestion spécifiques","StructureDefinition/ror-practitionerrole","ans.fr.terminologies"
https://mos.esante.gouv.fr/NOS/JDV_J95-ModeExercice-RASS/FHIR/JDV-J95-ModeExercice-RASS,20260202120000,active,"1.2.250.1.213.1.6.1.163",JDV_J95_ModeExercice_RASS,,"Modes d'exercice du professionnel du RASS","StructureDefinition/ror-practitionerrole","ans.fr.terminologies"
https://mos.esante.gouv.fr/NOS/JDV_J96-TypeActiviteLiberale-RASS/FHIR/JDV-J96-TypeActiviteLiberale-RASS,20200424120000,active,"1.2.250.1.213.1.6.1.164",JDV_J96_TypeActiviteLiberale_RASS,,"Types d'activité libérale des professionnels du RASS","StructureDefinition/ror-practitionerrole","ans.fr.terminologies"
https://mos.esante.gouv.fr/NOS/JDV_J97-StatutProfessionnelSSA-RASS/FHIR/JDV-J97-StatutProfessionnelSSA-RASS,20200424120000,active,"1.2.250.1.213.1.6.1.165",JDV_J97_StatutProfessionnelSSA_RASS,,"Statuts des professionnels du Service de Santé des Armées dans le RASS","StructureDefinition/ror-practitionerrole","ans.fr.terminologies"
https://mos.esante.gouv.fr/NOS/JDV_J98-StatutHospitalier-RASS/FHIR/JDV-J98-StatutHospitalier-RASS,20260223120000,active,"1.2.250.1.213.1.6.1.166",JDV_J98_StatutHospitalier_RASS,,"Statut des professionnels intervenant dans un hôpital dans le RASS","StructureDefinition/ror-practitionerrole","ans.fr.terminologies"
