{
  "resourceType" : "CodeSystem",
  "id" : "fefed45b-ded7-4d22-b063-eaef7588e088-3",
  "url" : "http://hl7.org/fhir/comparison/CodeSystem/fefed45b-ded7-4d22-b063-eaef7588e088-3",
  "name" : "IntersectionActTypeRORCodeSystemAndActTypeRORCodeSystem",
  "title" : "Intersection of null And null",
  "status" : "active",
  "date" : "2024-03-15T13:28:24+00:00",
  "jurisdiction" : [{
    "coding" : [{
      "system" : "urn:iso:std:iso:3166",
      "code" : "FR",
      "display" : "FRANCE"
    }]
  }],
  "concept" : [{
    "code" : "specificAct",
    "display" : "specificAct",
    "definition" : "Acte spécifique"
  },
  {
    "code" : "outsideOfficeAct",
    "display" : "outsideOfficeAct",
    "definition" : "Acte hors cabinet"
  }]
}