{"resourceType":"SearchParameter","id":"ror-sp-location-near-insee-code","text":{"status":"generated","div":"<div xmlns=\"http://www.w3.org/1999/xhtml\"><h2>LocationNearINSEECode</h2><p>Parameter <code>near-insee-code</code>:<code>special</code></p><div><p>Paramètre de recherche similaire au paramètre spécial &quot;near&quot;, à l'exception que celui-ci pointe sur l'adresse et non pas la position géographique</p>\n</div><table class=\"grid\"><tr><td>Resource</td><td><a href=\"http://hl7.org/fhir/R4/location.html\">Location</a></td></tr><tr><td>Expression</td><td><code>Location.address.extension.where(url='https://interop.esante.gouv.fr/ig/fhir/ror/structuredefinition/datatype/fr-address-insee-code').value.as(code)</code></td></tr><tr><td>Multiples</td><td><ul><li>multipleAnd: It's up to the server whether the parameter may repeat in order to specify multiple values that must all be true</li><li>multipleOr: It's up to the server whether the parameter can have multiple values (separated by comma) where at least one must be true</li></ul></td></tr></table></div>"},"url":"https://interop.esante.gouv.fr/ig/fhir/ror/SearchParameter/ror-sp-location-near-insee-code","version":"0.4.0-ballot-1","name":"LocationNearINSEECode","status":"active","date":"2024-05-15T14:13:00+00:00","publisher":"ANS","contact":[{"name":"ANS","telecom":[{"system":"url","value":"https://esante.gouv.fr"}]}],"description":"Paramètre de recherche similaire au paramètre spécial \"near\", à l'exception que celui-ci pointe sur l'adresse et non pas la position géographique","jurisdiction":[{"coding":[{"system":"urn:iso:std:iso:3166","code":"FR","display":"FRANCE"}]}],"code":"near-insee-code","base":["Location"],"type":"special","expression":"Location.address.extension.where(url='https://interop.esante.gouv.fr/ig/fhir/ror/structuredefinition/datatype/fr-address-insee-code').value.as(code)"}