{"resourceType":"SearchParameter","id":"ror-sp-healthcareservice-notavailable-closing-reopeningdate","text":{"status":"generated","div":"<div xmlns=\"http://www.w3.org/1999/xhtml\"><h2>RORSPHealthcareServiceNotAvailableClosingReopeningDate</h2><p>Parameter <code>notavailable-closing-reopeningdate</code>:<code>date</code></p><div><p>Paramètre de recherche pour rechercher la date dans la période de fermeture (during.start) et de réouverture prévisionnelle (during.end).</p>\n</div><table class=\"grid\"><tr><td>Resource</td><td><a href=\"http://hl7.org/fhir/R4/healthcareservice.html\">HealthcareService</a></td></tr><tr><td>Expression</td><td><code>HealthcareService.notAvailable:closingReopeningDate.during</code></td></tr><tr><td>Multiples</td><td><ul><li>multipleAnd: It's up to the server whether the parameter may repeat in order to specify multiple values that must all be true</li><li>multipleOr: It's up to the server whether the parameter can have multiple values (separated by comma) where at least one must be true</li></ul></td></tr><tr><td>Comparators</td><td>Allowed: eq, ne, gt, ge, lt, le, sa, eb, ap</td></tr></table></div>"},"url":"https://interop.esante.gouv.fr/ig/fhir/ror/SearchParameter/ror-sp-healthcareservice-notavailable-closing-reopeningdate","version":"0.4.0-ballot-1","name":"RORSPHealthcareServiceNotAvailableClosingReopeningDate","status":"active","date":"2024-05-15T13:41:06+00:00","publisher":"ANS","contact":[{"name":"ANS","telecom":[{"system":"url","value":"https://esante.gouv.fr"}]}],"description":"Paramètre de recherche pour rechercher la date dans la période de fermeture (during.start) et de réouverture prévisionnelle (during.end).","jurisdiction":[{"coding":[{"system":"urn:iso:std:iso:3166","code":"FR","display":"FRANCE"}]}],"code":"notavailable-closing-reopeningdate","base":["HealthcareService"],"type":"date","expression":"HealthcareService.notAvailable:closingReopeningDate.during","comparator":["eq","ne","gt","ge","lt","le","sa","eb","ap"]}