{
  "resourceType" : "SearchParameter",
  "id" : "ror-sp-organization-price-unit",
  "text" : {
    "status" : "generated",
    "div" : "<div xmlns=\"http://www.w3.org/1999/xhtml\"><h2>RORSPOrganizationPriceUnit</h2><p>Parameter <code>price-unit</code>:<code>token</code></p><div><p>Paramètre de recherche sur l'unité de référence pour évaluer le prix des prestations et services</p>\n</div><table class=\"grid\"><tr><td>Resource</td><td><a href=\"http://hl7.org/fhir/R4/organization.html\">Organization</a></td></tr><tr><td>Expression</td><td><code>Organization.extension.where(url='https://interop.esante.gouv.fr/ig/fhir/ror/StructureDefinition/ror-organization-price').extension.where(url='priceUnit').value.as(CodeableConcept)</code></td></tr><tr><td>Multiples</td><td><ul><li>multipleAnd: It's up to the server whether the parameter may repeat in order to specify multiple values that must all be true</li><li>multipleOr: It's up to the server whether the parameter can have multiple values (separated by comma) where at least one must be true</li></ul></td></tr></table></div>"
  },
  "url" : "https://interop.esante.gouv.fr/ig/fhir/ror/SearchParameter/ror-sp-organization-price-unit",
  "version" : "0.4.0-ballot-1",
  "name" : "RORSPOrganizationPriceUnit",
  "status" : "active",
  "date" : "2024-03-28T13:05:20+00:00",
  "publisher" : "ANS",
  "contact" : [{
    "name" : "ANS",
    "telecom" : [{
      "system" : "url",
      "value" : "https://esante.gouv.fr"
    }]
  }],
  "description" : "Paramètre de recherche sur l'unité de référence pour évaluer le prix des prestations et services",
  "jurisdiction" : [{
    "coding" : [{
      "system" : "urn:iso:std:iso:3166",
      "code" : "FR",
      "display" : "FRANCE"
    }]
  }],
  "code" : "price-unit",
  "base" : ["Organization"],
  "type" : "token",
  "expression" : "Organization.extension.where(url='https://interop.esante.gouv.fr/ig/fhir/ror/StructureDefinition/ror-organization-price').extension.where(url='priceUnit').value.as(CodeableConcept)"
}