<?xml version="1.0" encoding="UTF-8"?>

<SearchParameter xmlns="http://hl7.org/fhir">
  <id value="ror-sp-organization-price-residential-type"/>
  <text>
    <status value="generated"/><div xmlns="http://www.w3.org/1999/xhtml"><h2>RORSPOrganizationPriceResidentialType</h2><p>Parameter <code>price-residential-type</code>:<code>token</code></p><div><p>Paramètre de recherche sur les caractéristiques de l'hébergement</p>
</div><table class="grid"><tr><td>Resource</td><td><a href="http://hl7.org/fhir/R4/organization.html">Organization</a></td></tr><tr><td>Expression</td><td><code>Organization.extension.where(url='https://interop.esante.gouv.fr/ig/fhir/ror/StructureDefinition/ror-organization-price').extension.where(url='residentialType').value.as(CodeableConcept)</code></td></tr><tr><td>Multiples</td><td><ul><li>multipleAnd: It's up to the server whether the parameter may repeat in order to specify multiple values that must all be true</li><li>multipleOr: It's up to the server whether the parameter can have multiple values (separated by comma) where at least one must be true</li></ul></td></tr></table></div>
  </text>
  <url value="https://interop.esante.gouv.fr/ig/fhir/ror/SearchParameter/ror-sp-organization-price-residential-type"/>
  <version value="0.4.0-ballot-1"/>
  <name value="RORSPOrganizationPriceResidentialType"/>
  <status value="active"/>
  <date value="2024-05-03T12:31:57+00:00"/>
  <publisher value="ANS"/>
  <contact>
    <name value="ANS"/>
    <telecom>
      <system value="url"/>
      <value value="https://esante.gouv.fr"/>
    </telecom>
  </contact>
  <description value="Paramètre de recherche sur les caractéristiques de l'hébergement"/>
  <jurisdiction>
    <coding>
      <system value="urn:iso:std:iso:3166"/>
      <code value="FR"/>
      <display value="FRANCE"/>
    </coding>
  </jurisdiction>
  <code value="price-residential-type"/>
  <base value="Organization"/>
  <type value="token"/>
  <expression value="Organization.extension.where(url='https://interop.esante.gouv.fr/ig/fhir/ror/StructureDefinition/ror-organization-price').extension.where(url='residentialType').value.as(CodeableConcept)"/>
</SearchParameter>