{
  "resourceType" : "CodeSystem",
  "id" : "6a07a9d1-581e-427a-9a65-badd931e51e6-5",
  "url" : "http://hl7.org/fhir/comparison/CodeSystem/6a07a9d1-581e-427a-9a65-badd931e51e6-5",
  "name" : "UnionInputTaskRORCodeSystemAndInputTaskRORCodeSystem",
  "title" : "Union of null And null",
  "status" : "draft",
  "date" : "2024-12-09T12:56:58+00:00",
  "jurisdiction" : [{
    "coding" : [{
      "system" : "urn:iso:std:iso:3166",
      "code" : "FR",
      "display" : "FRANCE"
    }]
  }],
  "concept" : [{
    "code" : "ruleErrorId",
    "display" : "ruleErrorId",
    "definition" : "Identifiant de la règle à l'origine de l'anomalie"
  },
  {
    "code" : "errorValue",
    "display" : "errorValue",
    "definition" : "donnée erronée"
  },
  {
    "code" : "proposedValue",
    "display" : "proposedValue",
    "definition" : "nouvelle valeur proposée"
  },
  {
    "code" : "pathElementError",
    "display" : "pathElementError",
    "definition" : "élément en erreur dans la ressource"
  },
  {
    "code" : "systemRequester",
    "display" : "systemRequester",
    "definition" : "système déclarant l'anomalie"
  },
  {
    "code" : "identifierRequester",
    "display" : "identifierRequester",
    "definition" : "Identifiant du déclarant de l'anomalie"
  }]
}