<?xml version="1.0" encoding="UTF-8"?>

<PractitionerRole xmlns="http://hl7.org/fhir">
  <id value="ror-practitionerrole-exemple"/>
  <meta>
    <lastUpdated value="2023-12-20T10:00:00+01:00"/>
    <profile value="https://interop.esante.gouv.fr/ig/fhir/ror/StructureDefinition/ror-practitionerrole"/>
  </meta>
  <text>
    <status value="extensions"/><div xmlns="http://www.w3.org/1999/xhtml"><p class="res-header-id"><b>Generated Narrative: PractitionerRole ror-practitionerrole-exemple</b></p><a name="ror-practitionerrole-exemple"> </a><a name="hcror-practitionerrole-exemple"> </a><a name="ror-practitionerrole-exemple-fr-FR"> </a><div style="display: inline-block; background-color: #d9e0e7; padding: 6px; margin: 4px; border: 1px solid #8da1b4; border-radius: 5px; line-height: 60%"><p style="margin-bottom: 0px">Last updated: 2023-12-20 10:00:00+0100</p><p style="margin-bottom: 0px">Profile: <a href="StructureDefinition-ror-practitionerrole.html">RORPractitionerRole</a></p></div><p><b>RORMetaCreationDate</b>: 2023-12-09 14:30:00+0100</p><blockquote><p><b>RORPractitionerRoleName</b></p><ul><li>exerciseFirstName: Mylène</li><li>exerciseLastName: Tenor</li></ul></blockquote><p><b>RORPractitionerRoleUnitExerciseMode</b>: <span title="Codes:{https://mos.esante.gouv.fr/NOS/TRE_R23-ModeExercice/FHIR/TRE-R23-ModeExercice L}">Libéral, indépendant, artisan, commerçant</span></p><p><b>identifier</b>: 11102379616</p><p><b>practitioner</b>: <a href="https://simplifier.net/resolve?scope=ANS.annuaire.fhir.r4@0.2.0&amp;canonical=http://fhir.org/packages/ans.annuaire.fhir.r4/Practitioner/2524">??</a></p><p><b>code</b>: <span title="Codes:{https://mos.esante.gouv.fr/NOS/TRE_G15-ProfessionSante/FHIR/TRE-G15-ProfessionSante 60}">Infirmier</span></p><p><b>specialty</b>: <span title="Codes:{https://mos.esante.gouv.fr/NOS/TRE_R04-TypeSavoirFaire/FHIR/TRE-R04-TypeSavoirFaire CEX}">Compétence exclusive</span></p><p><b>healthcareService</b>: <a href="https://simplifier.net/resolve?scope=ANS.annuaire.fhir.r4@0.2.0&amp;canonical=http://fhir.org/packages/ans.annuaire.fhir.r4/HealthcareService/9597">??</a></p></div>
  </text>
  <extension url="https://interop.esante.gouv.fr/ig/fhir/ror/StructureDefinition/ror-meta-creation-date">
    <valueDateTime value="2023-12-09T14:30:00+01:00"/>
  </extension>
  <extension url="https://interop.esante.gouv.fr/ig/fhir/ror/StructureDefinition/ror-practitionerrole-name">
    <extension url="exerciseFirstName">
      <valueString value="Mylène"/>
    </extension>
    <extension url="exerciseLastName">
      <valueString value="Tenor"/>
    </extension>
  </extension>
  <extension url="https://interop.esante.gouv.fr/ig/fhir/ror/StructureDefinition/ror-practitionerrole-unit-exercise-mode">
    <valueCodeableConcept>
      <coding>
        <system value="https://mos.esante.gouv.fr/NOS/TRE_R23-ModeExercice/FHIR/TRE-R23-ModeExercice"/>
        <code value="L"/>
        <display value="Libéral, indépendant, artisan, commerçant"/>
      </coding>
    </valueCodeableConcept>
  </extension>
  <identifier>
    <value value="11102379616"/>
  </identifier>
  <practitioner>
    <reference value="Practitioner/2524"/>
  </practitioner>
  <code>
    <coding>
      <system value="https://mos.esante.gouv.fr/NOS/TRE_G15-ProfessionSante/FHIR/TRE-G15-ProfessionSante"/>
      <code value="60"/>
      <display value="Infirmier"/>
    </coding>
  </code>
  <specialty id="PractitionerRole.specialty:expertiseType">
    <coding>
      <system value="https://mos.esante.gouv.fr/NOS/TRE_R04-TypeSavoirFaire/FHIR/TRE-R04-TypeSavoirFaire"/>
      <code value="CEX"/>
      <display value="Compétence exclusive"/>
    </coding>
  </specialty>
  <healthcareService>
    <reference value="HealthcareService/9597"/>
  </healthcareService>
</PractitionerRole>